32:0.324506923374,-0.409868468448,-0.290761354966,-0.0266883017773,0.0268608400796,-0.257413075856,-0.120128828844,0.00312870797932,0.0079649582718,0.0401955784477
110:0.5103756627,0.109365586858,-0.0235626191091,0.259522789635,-0.473053989873,-0.0729398774307,0.444773259022,0.107183864051,-0.0905385810428,-0.256962744419
102:-1.23182400591,-0.0524493751723,-0.0418239771449,0.129702397258,0.279005427508,0.014633782636,0.00662324369111,-0.0416406694628,-0.453543426279,-0.0339598974965
318:0.573737487624,-0.229353050381,0.549463213371,0.388000039486,0.121295964662,-0.00229704588886,-0.469218207048,-0.372685919654,0.223739889251,-0.0808790917655
202:0.637729842857,-0.457305010045,0.419806527803,-0.194104742736,0.223220231922,-0.00916024781608,-0.180126234272,0.142801420812,-0.140384630255,-0.0838116676382
111:-0.026424337665,-0.0668551818041,-0.322342632344,-0.559521076903,0.114733744067,0.141704924421,-0.231215213694,-0.459606125863,-0.158351192256,-0.127426105602
275:0.520566358618,0.985137501974,0.0832915499769,0.118609372543,0.153322144553,-0.117527400573,0.387511594711,-0.00357639362688,-0.450338038025,-1.17825034365
213:0.201700194208,-0.168008599313,-0.434554801402,0.529301332837,-0.00614177375977,-0.183719735163,0.326091052562,0.256524209023,0.321229264503,0.0502440910079
139:0.65653721629,0.824264160684,0.324101670418,0.365710036187,-0.493253599496,0.50867864247,0.308032226626,0.38349706165,0.627351612188,0.246401501336
496:-1.11946059931,0.0492820520602,0.906472688207,0.84443256903,-0.150638716409,-0.234560817411,-0.434212907746,-0.181333375193,0.315222163194,-0.220170036889
151:0.447367179271,0.340096558741,-0.0367472955835,1.18505440575,0.141203829032,0.016215550641,-0.175240161969,-0.213128694378,-0.993282587322,0.308801454893
529:0.403924357625,-0.490054480987,-0.0312392924079,-0.275432137622,-0.280968713419,0.108206681395,-0.462511341061,-0.0850370955909,0.143376453099,-0.0620958479096
450:-0.0665091823014,-0.239477902666,-0.280414146207,0.432169560465,-0.610958207319,-0.578740193083,0.947026394337,-0.149768528165,-0.39538537011,-0.536735022767
235:0.441055307437,-0.336623403789,-0.526676240477,-0.189899130476,-0.0146669112831,0.905186915152,-0.22427703937,0.0808682121656,0.0966305829784,0.0983081900477
311:-0.52597768657,0.207685260097,0.0322105514278,-0.0302489830819,0.422759641862,-0.184974630507,-0.173928645044,0.94658238536,-0.257161777334,-0.129810332754
564:0.393271632634,-0.275040028675,-0.319853438964,-0.109574116321,-0.0178462904604,-0.160353458661,-0.139017566314,-0.3948434638,-0.0304856030821,0.161650870092
451:0.161085429587,0.220070685242,0.435224204733,0.0559193454925,-0.215095624208,0.429990999241,-1.00105519176,1.09768698155,-0.514623118164,-0.526496268533
196:0.56639506563,0.950019631773,-0.0425090997467,-0.178866295004,-0.58211095857,-0.296932643665,0.235298818695,0.486582781478,0.360154932652,0.170743204998
408:0.717872732422,0.104372106789,0.208589004383,0.581509483488,-0.359325160187,0.386968298646,0.106150762903,0.647673189007,0.643745042757,0.193993444614
540:0.563350972013,-0.546750344109,-0.297370276733,0.0541905263624,-0.23119999326,-0.269312267295,0.172263028934,0.013127904654,-0.0198025555877,0.0489423211963
539:-1.86681532518,0.250647460675,-0.0910773487479,-0.223525083237,0.116119537055,-0.0936793011622,0.134347666041,-0.376695640015,0.314778933713,-0.0843493498114
24:0.283487038412,1.96698244937,0.0141253967737,-0.138860624615,1.36138196268,0.0361981034707,1.03232953932,-0.163055693639,0.839079236688,-0.322112094573
498:0.377089842849,1.02202255843,-0.0374676651014,0.315774684265,1.07213772697,-0.191472226828,0.518167154559,-0.556016056903,0.385419366145,-0.750410664834
148:0.440094909661,-0.30651258614,-0.274656143883,-0.0872939124268,0.0125960043043,-0.163940604074,0.215091674508,0.0182076108862,-0.0655781426772,0.431126819917
54:0.42126355231,0.110671295894,-0.391876870588,0.354067733096,0.365247152735,0.536822639417,0.296385775735,-0.161897308855,0.0529592371446,-0.561367690292
499:0.368143923693,1.18060438166,-0.00653086873764,0.603210977046,1.38700431589,-0.13059763179,0.615336596175,-0.797385793542,0.293054485536,-0.622888567881
286:-1.67830910684,0.193776845814,0.229782431687,-0.0518706694965,-0.0487565192638,0.166895849447,0.216668334233,0.0873547358309,-0.0626453988208,0.119813367585
179:-0.88089898366,-0.15775977706,-0.0326663074556,-0.615872302245,-0.615123491608,0.245869446398,0.367692658268,-0.561070146637,-0.138130578553,-0.0132383875583
276:0.432705022848,-0.209733631363,-0.180573286878,-0.273424766131,0.667168535397,-0.135954629733,0.179867896574,0.0477726336215,0.186980297084,-0.264531334409
546:-1.06202635291,-0.0200517989328,0.807069484292,0.714628462141,-0.214136850008,-0.269515996256,-0.282767272439,-0.367640009598,0.444222156159,-0.294439472034
268:0.546292134086,0.00963230594872,-0.108046424104,0.54304867905,-0.265917261176,0.184722658462,0.317119430072,0.267407945082,0.472615586577,-0.0121119035362
410:0.410876279159,-0.140703820482,0.514220730912,0.171445594231,0.0468591793397,-0.0928254694836,0.0791018199461,0.0527573716089,0.0486508873719,-0.0530291574087
474:0.296296939196,-0.543962043516,0.54128983515,-0.312246402102,0.308251360447,-0.191390268745,-0.0129528404361,0.0694524819401,-0.0413298657462,0.0697243843956
152:0.452534518189,-0.121328998042,-0.276049887813,-0.361221379185,0.040447966803,0.293620914444,-0.13988308182,0.0752256278756,0.166652089153,-0.0110344441462
520:0.566172503251,1.8838524486,0.291511329003,-1.27923911948,-1.06599575579,-0.985103125338,-0.391313732118,-0.0705849511553,-0.837499440134,0.309839104315
424:0.662215553911,-0.595586604039,1.04379357223,-0.269031559699,0.154147852187,-0.0840490706909,0.385810296768,0.115031656465,-0.135611458623,-0.0196932168333
121:0.49652989462,0.0150032923747,-0.419031063755,-0.418264855197,0.626518327218,0.279554949504,-0.232515455083,-0.594461405689,0.162166808398,0.111256446729
514:0.790567135462,0.830686589187,-0.0495319141876,0.443276676854,-0.105432982333,0.280397707027,0.13211973481,0.723675212759,0.306197272578,-0.177498670233
468:0.744292587553,1.48028245692,0.382780811932,-0.511849615954,-1.36519699772,-0.406896083113,-0.339553791136,0.104796624908,-0.440554912917,0.29315808543
101:0.540935772611,-0.00885852019769,-0.650048087572,0.0984415046818,0.462004759354,0.11585226325,0.457845622549,-0.173032367614,-0.149451571634,0.408280326078
554:0.456437109907,-0.360275584424,-0.482094497644,0.242455447458,-0.137759931767,-0.516577660335,0.0578509045227,0.0191130644615,0.0787989652418,-0.0951367899715
454:0.335747663198,-0.384105211876,-0.0273929418105,-0.178760115725,-0.172976587291,0.0541681603011,0.107312336346,0.0805697425088,-0.0586183797997,0.250317556421
100:-2.46428412131,0.129876474817,-0.0912475411827,0.0221168539989,0.514079879294,-0.202666027006,0.17295561963,0.366568543597,0.012228502581,-0.0669117796579
419:0.550258536519,0.318910291586,0.229637975081,0.592511889739,0.726179194003,0.0316249199563,0.0994743477489,-0.363406962954,0.17715568629,0.27018446952
510:0.180699933753,0.95946469605,0.333601953662,-0.5192371279,0.113227981199,0.174709648082,0.230940369651,0.572073960351,-0.168815792459,0.351802392593
214:0.187736811768,-0.289064804139,-0.329407125251,0.425185619504,-0.149211817861,-0.0722201796031,0.375881086092,0.29292777662,0.264903428558,0.561446642596
239:0.476847907658,-0.0506415568042,-0.0247838567398,-0.353674050584,-0.115168923087,0.2331420231,-0.209032759162,0.0929101236405,0.381665387873,-0.188765834838
512:0.402933425493,0.753564708913,-0.335273996714,-0.297134169586,0.529699478421,0.359215003492,-0.169313853331,0.0729913997476,-0.111976095476,-0.514700491158
225:0.180584457714,-0.237700518039,-0.295632304865,0.414571276316,-0.0810009627984,-0.447711525329,0.104505039908,0.163290194791,0.0585476135103,-0.121806886163
228:0.39816174113,0.275945267756,0.438127025086,0.798614064818,0.0592432860226,0.0436504994832,-0.646050840808,-0.526702168241,-0.285661169254,0.336417313448
445:0.423846124134,0.662840906141,-0.0402332433532,0.681511602926,0.214973607437,0.172489802196,0.130422472115,-0.175615449846,-0.887395444742,0.149502770549
272:0.145729335589,-0.446843667109,-0.56687652684,0.321817131057,-0.254918311709,-0.456577511637,0.358138531845,0.0947216806802,0.0938094227225,-0.12596056946
523:0.339601236749,-0.592346397978,1.47370588475,-0.54363139722,0.48624988691,-0.317183044562,0.373432592264,0.0534233786441,-0.229231646484,0.528358129986
33:0.379646674957,-0.269994766319,-0.201680847813,0.0438466253784,-0.120787158658,0.336202780358,-0.245565157549,0.400381687611,-0.0636527825478,-0.346960739164
494:0.281939207354,0.218600626149,0.120232035946,-0.552529085585,-0.103704761835,-0.167906507359,-0.12841747966,-0.344672655126,-0.337978165725,0.0779638198819
371:0.984507501103,1.74928210476,0.161959839552,-0.564713366269,-0.389452559265,-0.330721813933,0.0768820052809,-0.313923563236,-0.0523746889093,-0.163393579602
216:0.311998426197,-0.506700440101,-0.38063665129,0.244852651357,-0.145260824939,-0.245005793823,0.45456407693,0.226037458828,-0.0724837653744,-0.0363206621354
490:0.207989333605,-0.480016127654,0.522726742058,-0.263792902044,0.206722108657,-0.125232220755,-0.217298552097,0.0639649323069,-0.201387593475,0.274241435705
91:-1.99233848167,-0.121608413453,-0.263899592929,-0.416683392915,0.329289850396,-0.000993004868001,-0.0189633419954,0.0849033930101,0.201991871196,0.327536779122
269:0.476602357646,-0.19992882688,-0.0886929419007,0.335325018592,-0.279426137009,0.335384767907,0.399773041988,0.375814629669,0.248124640458,0.594425871075
31:-1.81862798151,0.416054248672,-0.280309778753,-0.0135518150021,0.163759407185,-0.151883840194,0.0556289915564,0.387168577048,-0.370437048035,-0.0690228287457
270:0.547019900858,-0.0683821835443,0.086127116778,0.358203251165,-0.2844695258,0.275814976179,0.0491121537377,0.374496730009,0.32278493752,-0.00280573364966
29:0.690448034433,1.57077055335,0.0874518006507,-0.336984479777,-0.598706173451,-0.487402863351,-0.32187333915,0.320174837442,-0.0606905294669,-0.447205460308
549:0.44011637032,0.892360224804,0.426077344598,1.14826300409,0.627494450747,0.259482285757,-0.423897795547,-0.690393691108,-0.859758082497,0.741794003349
294:0.379967300291,-0.453424001884,-0.600125803239,-0.10008878093,-0.0655971854101,0.0979130131024,0.411377115671,0.169834634853,-0.0723853564519,0.587752469574
362:0.514062734254,0.00668202875663,-0.518412333457,-0.0202485364734,0.465945456233,0.256049151437,0.0327779197328,-0.483578223652,0.0676420307795,0.22793959744
319:-1.45709199019,0.106496419761,-0.117515434115,-0.03714925271,0.151475169067,-0.103954195738,0.111737073617,0.0448910074095,0.0261698513455,-0.00226992099277
541:0.00276766115497,-0.0848567172402,-0.124229797355,-0.118261601575,-0.00848935153122,0.592762167954,-0.277595882097,0.204103397994,0.295310406646,-0.0558099376874
287:0.15453928559,-0.234660302167,-0.432551286791,0.299770159515,-0.252630199406,-0.359045450847,0.631703759006,0.00936799460277,-0.451209090547,-0.138766931441
124:0.127458679331,-0.00901059235296,-0.188986214564,-0.166450952898,0.417793563332,-0.0219525709535,-0.605970292181,0.0725142340024,-0.356489774681,-0.348277285624
327:0.339761000266,-0.283621863652,-0.309357816144,-0.132687362968,0.219419210099,0.0681957597072,0.171401921459,-0.138936727948,0.122327946828,-0.584967398766
453:0.414774891108,-0.255124688872,-0.165982350025,0.145552995528,-0.189162072735,-0.156063421617,0.0957166172699,0.0185356179368,0.109498553148,-0.0616451553968
507:0.489642880459,-0.450366008916,0.413031257397,-0.590984297733,0.31299021289,0.0632056624782,-0.320470482727,-0.133829986775,-0.0279066292798,0.138321537992
434:0.226336205382,-0.890462727038,1.79805975493,-0.47935096644,0.368810410506,-0.314212756124,0.622546309428,0.035617579462,-0.00210734899111,-0.123096297073
533:0.347565482989,-0.325886407924,-0.742712614655,-0.371776993448,-0.0110666921195,0.455801935106,-0.129524213942,0.0044960986476,0.0246938519265,0.131628190039
521:-0.700335629434,-0.145093465752,0.0305211596655,0.0327531821003,-0.556930475471,0.169508971026,0.171713273289,-0.281782947437,-0.347023070675,-0.195508772636
208:0.436790040153,-0.28415831058,-0.0322986891623,-0.105805945752,-0.106845487998,0.249436499076,-0.377778060986,0.205213093209,0.285291373511,-0.218591443198
565:0.629568538501,-0.38760736219,-0.4003031765,0.0909656856394,-0.121842735189,-0.24036449684,0.141055052934,-0.176638148862,0.251492664906,0.043514226622
15:-0.447648185813,0.232412914915,-0.575092196656,-0.725006292969,-0.121093714418,0.716507815125,0.73170683658,-0.759118193579,-0.463910242745,0.0952850441186
144:0.505495618965,0.92969048319,0.155932501835,0.00684952277818,0.386747783107,0.440122211937,0.30920048315,0.759326115299,0.411481759796,-0.388472237328
525:0.610446280139,-0.442093409983,0.251720292335,-0.150633040459,0.144248305503,-0.0558597447624,-0.264861525465,0.154561450164,-0.0506193346001,-0.166950732407
334:0.677854463063,-0.454924281987,0.367617849859,0.2990046237,-0.0137524929456,-0.206870416178,0.0458355048374,0.0657300175811,0.362191414783,0.204319460043
278:0.158458159418,-0.133580470336,-0.3013458682,0.350350204641,0.127784311832,0.149938668716,-0.168630020355,0.284684460952,-0.0720857771665,0.093363094008
526:0.242997078071,-0.397104666028,-0.667529810002,-0.15918543615,-0.11608157209,-0.0749678297552,-0.0694957810957,0.0185435693635,-0.157276300256,0.351573350037
473:0.225385654165,-0.322051329005,-0.661181724947,0.340166136063,-0.198462016835,-0.487392381783,0.282730767424,0.208560888667,-0.218722302835,-0.176445851809
503:0.253858501826,-0.365103565166,0.240723195627,0.341159516337,0.0125505533392,-0.120197307775,-0.340988219637,-0.237721066131,0.23695696356,-0.119108364086
320:0.488160777063,-0.409011598388,-0.29406158288,-0.273183147305,0.212751212433,-0.108356575676,-0.214688487532,-0.101274463037,-0.0836323815506,0.22099623441
8:-0.0848758656648,-0.205833226785,-0.12010251062,-0.452964195141,-0.00480614305194,0.20864622523,-0.0487427507503,-0.501196001735,-0.0449799470758,0.00266754892482
159:0.428058733827,0.343473355942,0.021182162493,0.447418299373,0.215029083515,0.0241032311691,-0.603829380185,0.437140360467,-0.561890913399,-0.541626204365
509:0.48093511551,0.659654599343,-0.0418996772299,0.0976691801318,-0.380494044847,-0.0434506402508,-0.0762865373464,0.225845831432,-0.184937896055,-0.571455077718
471:-1.32454244417,0.11422400387,-0.0159828264636,0.012624431946,0.0859716019565,0.0116941058618,0.226135752706,0.258937233248,-0.23393208907,0.0456869460353
301:0.165663080083,-0.324228152028,-0.486841093807,0.443517488694,-0.312531485007,-0.709002550279,0.628051652151,-0.0203356173091,-0.291482929714,-0.168907815118
99:0.101850718857,0.421154144235,-0.0234194456873,-0.455315623749,0.977898266568,0.110331773741,0.219592616604,-0.0953606999841,0.104843906131,0.389670367562
491:0.40867739851,-0.48063261912,0.00526241135756,0.0361991749539,0.0841682986841,-0.348289599478,0.0513644381717,-0.0362806711297,0.317615243868,0.0497285131496
93:0.438215556682,0.278184665958,0.128052866902,-0.0592666578228,-0.0693213240658,-0.517962835255,-0.193064039921,-0.236158249812,-0.45378905183,-0.922109816246
44:0.254089381801,-0.0861737295725,-0.330643628317,0.00514057292719,0.223846468131,-0.198698641018,-0.115506357655,0.27968666971,0.0508909336954,0.413340647569
89:0.20891101883,-0.423795699953,-0.79843269315,0.0597942651638,0.0715574109803,-0.25506573293,0.104473486276,-0.103170310078,0.136532904985,0.471327254517
199:0.454918133707,-0.424950478268,0.356845608758,0.0741896480623,-0.0386159132503,0.0931640946092,-0.319154994461,-0.0333251023377,0.440521140148,-0.162787099206
295:0.517057579567,-0.347087742355,-0.274068392843,-0.0246135154768,0.0166194982364,-0.00840328142388,0.0560134028048,0.134924426586,0.211757308308,0.0723366933249
58:0.546481427502,0.520688119394,0.128548849897,0.955871446156,-0.362471101292,0.486313372155,0.0706487278344,0.414351603981,0.72594851014,0.352614485225
325:-0.022200217471,-0.362452495638,-0.336265868592,0.461030166553,-0.197182579907,-0.58759005918,0.322397351329,0.0196177581427,-0.150914185427,0.143950034113
63:-1.04531275788,-0.00788746671901,0.0335122012349,-0.0166396642551,-0.220243136941,-0.182395835032,0.136140476865,0.138369401659,-0.109095955913,-0.0134311803611
212:0.478748244207,-0.492685500642,-0.570997263396,0.0984686149453,-0.147157994277,0.0410364912026,0.229300393439,0.0270991598055,0.0763080492967,-0.129356847376
134:-1.66377794406,0.0334855705742,0.828360867784,0.0149775022063,-0.180237550547,-0.237834145203,-0.742741327343,-0.787792639245,0.898935069978,-0.251111024344
348:0.443352401799,-0.172911387774,-0.275234532481,-0.221317522761,0.484120631452,-0.144822625028,-0.0519775272151,-0.41419369829,0.102556112704,-0.118543679784
542:0.273752480197,-0.434052072895,-0.941325559825,0.387309340254,-0.152174169749,-0.499630654467,0.457091725855,0.117940712026,0.0450465023266,0.108170762412
27:0.563369535761,1.38925596054,-0.0406206718988,-0.829970350739,-0.734161528379,-1.17113060236,-0.397078874146,0.192601350077,-0.435228580325,-0.232917274723
237:0.245081331494,-0.199830624897,-0.46812886784,-0.175988516622,0.71250778871,0.280030685961,-0.249064859199,-0.100617364069,-0.258723480707,-0.501629018663
530:0.191102336901,-0.165943316006,0.00574224872011,0.0794092159025,-0.198721728076,0.028481266487,0.104048897606,0.0294373255505,0.135011258812,-0.462536486193
388:0.586258732836,-0.321450138118,-0.669606633313,-0.166735686731,0.153794899348,0.733677060474,-0.179387778653,0.10963440469,-0.026873130428,-0.0156370539746
513:0.623006525681,1.16445826993,-0.284786967527,0.118571219866,0.365495510351,0.289512356352,0.296581505156,0.43163325076,0.675878625021,-0.185278104458
440:0.647528394894,-0.495460182464,0.47352674293,-0.208312778355,0.187150877861,0.0152263319229,-0.182298955463,0.130762110584,-0.0660675558954,-0.00543058874893
95:0.698626945375,-0.313410199957,-0.168649611252,-0.324264242386,-0.354471105898,0.561879012692,-0.0252475198689,0.132136252493,-0.190969944108,0.583646320519
230:0.410999861371,-0.381141315669,-0.594567419649,0.11860773817,-0.0366960570124,-0.524435508087,-0.0814450782817,-0.0995853281756,0.179840822595,-0.137534666509
463:-1.59411420396,0.176494120575,0.61689307017,0.985331340735,-0.162879280421,-0.19503202185,-0.0323521919748,-0.286616764531,-0.182062785859,0.00257299618992
204:0.766019394132,-0.682105406069,1.21857088708,-0.386528176609,0.241699722525,-0.0737871922075,0.457077152732,0.053138069625,-0.283315651294,-0.0649268190597
71:0.254517089175,0.321154365889,-0.00510322384339,0.256585679837,-0.0454641321644,-0.0497201539729,-0.0870894451928,0.188195185632,-0.43133226809,-0.517645410487
339:0.467419892776,1.1107269006,0.290011132076,0.123082020795,-0.0501343653075,-0.118588585946,-0.143606752896,0.255341383841,-0.349805546163,0.879980818571
25:0.772314787524,1.75535134309,-0.00827746808911,-1.02852577177,0.00707618768091,-0.940937134459,-0.0224649108074,-0.395196468349,0.340666957022,-0.00702757636153
182:0.558609754906,1.05851594636,-0.196414598355,0.0867792400555,0.48323425242,0.3145265911,0.507000960512,-0.457309906904,0.38482476588,0.0181774104332
357:-0.00763529686443,-0.34769614519,-0.388980759374,0.468262827924,-0.549632581781,-0.643950913611,0.536852890441,-0.128445642037,-0.0539396796446,0.0954713642983
299:0.418863623896,-0.392318756662,-0.552050023347,-0.0326890091173,0.00636316711934,-0.102709236018,-0.0566118964658,-0.105300136646,0.33453954962,0.177367735242
164:0.69303067268,-0.379232381543,0.452523545703,-0.010228877202,-0.174757257751,-0.0979416179753,-0.344525250127,-0.139033067952,0.419996958857,-0.318194947087
381:0.679214392698,1.53846566956,0.0968699444262,-0.635006121648,-0.991301127044,-1.09308929452,-0.27623402632,0.331489169741,-0.204341552187,-0.412619207891
185:-1.24784754681,-0.0453617449818,0.160562049991,-0.49143458066,-0.950765922437,0.384122499337,0.636990888772,-0.532738890683,-0.231473270322,-0.0351522234571
115:0.534252104738,-0.327311757227,-0.0662436085237,0.30451935944,-0.176385338081,-0.191290634407,0.110988913851,0.394868195212,0.467224001615,0.128934720824
171:0.733155340843,-0.712639738269,1.51935557112,-0.504576724259,0.291380946756,-0.176375593605,0.80569572867,0.197494858896,-0.457959048464,-0.0439310607068
527:0.306015152294,-0.266747920832,-0.848924772206,-0.299773525749,0.0967124328963,0.0268222229228,-0.494880547523,-0.175684015915,-0.258306556257,0.508889755083
260:-1.38765568108,-0.041533552378,0.55691728799,-0.185323841258,-0.847256957467,0.621576661186,0.030559059631,-0.4850692312,0.287100013163,-0.172218738513
74:-0.544276020494,0.788531144246,0.0262340499111,-0.550902024924,-0.387953199882,-0.505211545414,-0.11067038009,-0.312860809257,0.103373771226,0.127411255561
487:0.756562983377,-0.671735385712,1.0277464662,-0.376227978411,0.269328167186,-0.00680322005432,0.383620988566,0.12876323957,-0.211492371669,-0.0522927328307
141:0.74621982468,0.545704188863,0.374907723324,0.205939858406,-0.49228073936,0.576763008949,0.488990511556,0.203564431367,0.785670934946,0.250919808226
390:-0.603119363776,-0.170103465232,0.115544467099,-0.355380755149,-0.512423874965,0.681137939496,0.461780579356,-0.460567480586,0.0327414978933,0.151967586874
446:0.327127432112,-0.357452600882,-0.413691503206,0.106541245939,-0.112618765048,-0.369893676312,0.0138942994327,-0.022937448428,0.12319593327,-0.0178302118005
52:-2.14154358315,0.265430933067,-0.396852000224,-0.177355252186,0.585465445191,-0.259332084877,-0.266358069014,0.440882870793,-0.159517563116,0.0622968488568
400:0.308129696374,0.838445232161,-0.229956856488,-0.191630417554,1.02926835313,0.432348263212,0.247799890918,-0.63075541268,0.253304752354,-0.244263266421
405:0.387563472682,0.0274857189686,-0.22783794273,-0.317302300071,0.336172466713,0.311411878509,-0.39038501916,-0.302570207741,0.0984690007508,0.253642784891
433:0.545544473332,-0.196568194833,-0.125126343411,-0.0870010746968,-0.0400401284365,0.734742355462,-0.144815272267,0.459788269647,-0.354708803598,0.206489431696
224:0.485954824443,-0.387573130855,-0.635129691058,0.0430944565623,0.00552093988614,0.124123420477,-0.0482168930983,0.129218029855,-0.02817761886,-0.238776035375
426:-1.71575398267,0.0858177607229,0.675612636907,0.0470109145345,-0.284644355491,-0.196162488673,-0.55066164846,-0.553256659525,1.20484394867,-0.109995674107
370:0.435354520481,-0.423985747849,0.0887866445052,-0.224761222565,-0.139963545535,-0.0211287669562,-0.318537235992,0.00883702782148,0.0791621407186,-0.148539521634
309:0.106596957289,0.269560562527,0.705741847323,1.19212451037,-0.130564728757,0.0408135786594,-0.718065621342,-0.487567407068,-0.296087291296,0.199999557569
449:0.413677757053,-0.319063029576,0.0334382161546,0.374348923574,-0.256153481521,-0.237398802106,-0.0992304289304,-0.105903768767,0.522892640138,-0.293569833825
281:-1.17135246255,0.0169910440388,0.132978717901,0.0390978712867,-0.177399773021,-0.102753949543,0.0127512959673,-0.104562725313,-0.221763613362,-0.155204325869
495:0.319412004234,-0.362998668522,-0.0924053807628,-0.0656593524101,0.00575785862028,0.110264343816,-0.395105903885,0.103038861856,0.0775166683124,-0.0815357193142
312:-1.55836872173,0.103787511177,-0.242896698747,0.124105578353,0.352207162467,-0.198130820819,0.317937784392,0.0199294551451,-0.464370534553,0.0411693823281
457:0.516340407564,-0.441840527783,-0.218455653099,0.0651254125626,-0.0950290101791,-0.272812332716,-0.0617566849456,-0.046872426999,0.178783539145,0.0326786140572
72:0.503045450983,-0.402271465404,0.379612125769,0.276841666115,-0.1849887375,-0.290797301319,-0.302486969615,-0.102812594265,0.284741651762,-0.138946579455
489:0.365409057615,-0.681180054443,1.26247228889,-0.41048932708,0.260890744299,-0.169706650059,0.284677842171,0.0845434072498,-0.271639131304,0.698091119816
479:0.244988343693,-0.49270013678,-0.280565906912,0.675702026046,-0.294449647889,-0.181960789836,1.03049118972,-0.0444802857879,-0.80296354614,-1.04779786397
191:0.389256258165,-0.344596872436,-0.530477214478,0.215482967531,-0.292345682164,0.247068768507,0.432869322828,0.0511980988354,0.0675903116328,0.13585044554
280:0.142671862913,-0.0290840276961,0.0852155704562,-0.0410726675474,0.0178974196167,1.05175959245,-0.589247100029,0.940916770314,-0.468059477205,-0.100466375767
459:0.7553965931,1.63448036281,0.477907046206,0.450325470776,-0.183745516471,0.492985481387,0.493978022611,1.03988631386,0.329250530142,-0.158675614966
18:0.228804101277,-0.436012236953,-0.287852628847,-0.0790219580225,-0.0521290798128,-0.51236879202,0.0670887362217,-0.0411271217781,0.120125184132,0.0398321721388
263:0.506314044626,-0.214062554971,0.516945504231,0.275693394377,-0.0964336718453,-0.0971382151305,-0.241133566459,-0.10221543508,0.256200842473,-0.149782606677
355:0.363436830251,-0.173589702296,-0.556504834748,-0.138817902239,0.406319969207,0.913625436142,0.0722362620631,0.0282316397226,-0.181611146852,0.408573012064
277:0.188329841024,0.0674206876646,-0.285634167113,-0.321345358096,0.522853417673,0.309165745085,-0.0578772218324,-0.196439604188,0.153129970215,-0.234132572776
477:-2.3429138997,-0.245559506712,-0.247308505452,-0.231666236896,0.29728324661,-0.0719519625767,-0.0726175105873,0.560500386947,-0.18690189327,0.0592011980804
483:0.239300733419,-0.323313855766,0.0146501377525,0.15375900712,-0.200667917818,-0.34156164228,-0.0531302842312,0.00406739353311,0.246555539992,-0.182879584633
174:0.473661818251,0.169381329596,0.619864875236,1.2107611544,-0.0486621083574,0.0879852227948,-0.520286932989,-0.340004038315,-0.248535766095,-0.266054758695
407:0.732758363593,0.0138272503733,0.0743007630839,0.398310717268,-0.31389043814,0.281640505056,0.184939616618,0.352291842662,0.700769525508,0.178610541959
568:-1.7782705305,-0.383023765126,0.449534448979,-0.100666054777,-2.3769360198,2.03657468185,0.602722229263,-0.537221637205,-0.818858785691,-0.896992968282
290:0.407681780921,0.518895865946,0.207858105019,1.22781684119,0.34076826606,0.294582842075,0.298954945776,-0.436098657236,-0.830045872586,-0.113335138943
547:-0.337466753726,-0.0683880021789,0.149169720269,0.223661566497,-0.188307289486,0.0404690952409,0.0744094640102,-0.310391359062,-0.174717231207,0.118479980224
486:0.372593222227,-0.316473447913,-0.45699835173,0.157448109743,-0.0600926573267,-0.480127973319,-0.109343807047,-0.0804817822622,0.217228661492,-0.119909552778
60:0.660389023527,0.609066067304,0.404305866894,0.722319010591,-0.382074636264,0.48657467164,-0.0900639695736,0.497575627048,0.644589743237,0.24395488399
346:0.461070548163,-0.421579547644,-0.148441886884,0.0194057045946,-0.0358165437203,-0.167023217435,-0.0784601143721,-0.00321739958204,0.138747114297,0.0983676107995
399:0.415113300713,0.589725695222,-0.131526511829,-0.28509298125,0.761563006481,0.277448763034,0.242996135838,-0.447195959174,0.115663367175,-0.470867689978
130:0.427328600374,-0.0699604531448,0.442001716133,0.673595714176,0.166601192331,-0.180456547836,-0.341733556411,-0.300590176293,-0.0587207461463,0.163855451898
259:0.468926827234,1.12211686891,0.298039330458,-0.734658403929,-0.76660988829,-0.212649831159,-0.290910393577,-0.0871226084032,-0.378108473907,0.342559596442
184:-1.7379511977,0.0164004434451,0.60720725313,-0.0688728992466,-0.175374595257,-0.00635006235868,-0.622468665533,-0.551822689017,0.827925459413,-0.149821313301
30:0.697503948305,1.61004725442,-0.140287238746,-0.866514629124,-0.237233629954,-0.522398734341,-0.396180154005,0.00794349681173,-0.0453082492572,0.168808576995
326:0.185677510316,-0.290607347762,-0.168662278639,-0.128253353118,0.0282416777515,0.153139947677,0.456457627144,-0.055542028192,0.11656496939,-0.682807891819
464:-1.06514946165,0.158337115912,0.383114981853,0.611079345582,-0.161323853827,-0.259182693232,-0.104807580644,-0.618909734539,-0.237913521311,0.429684993661
244:-1.93346236374,-0.0272986217134,0.646751928662,0.0709245621175,-0.201221816633,-0.269656485577,-0.677060952661,-0.676221583203,0.898149334098,-0.0553478390292
145:-1.97797571228,0.0851032120336,-0.155810190158,0.045041549155,0.245043713108,-0.300112179706,0.148540698874,0.29223369805,-0.0364515122364,0.125801626132
163:0.447678101817,-0.385388107864,-0.0190531391894,-0.186984783728,0.267044785347,0.0170737396965,-0.114098307619,-0.128056412254,-0.165394988568,0.275046254792
168:0.496072429826,0.196528994041,-0.107282392492,-0.489776178889,0.196728652397,-0.380259060954,-0.225968774493,-0.148116737937,-0.272540520055,-0.353002257179
302:0.473315801766,0.722590120432,-0.0561524016619,0.880933784487,0.445058506506,0.313118864399,0.327548156678,-0.492586593111,-0.786651450705,-0.104640771541
304:0.196778111277,-0.336443297471,-0.59616641483,0.0163285560882,-0.26342429267,-0.35011161353,0.174363616968,-0.152668509871,0.0320916843558,0.267729657667
375:-0.052625914136,-0.041831887956,0.165433292491,-0.0717348901312,-0.119601640354,0.184950625259,0.023063725926,-0.0443869158399,-0.122413096238,-0.170556354267
488:0.355172737494,-0.86414565657,1.79087416135,-0.506309305764,0.405472082648,-0.276771842043,0.704339520274,0.170145078032,-0.102227020161,0.00900177051759
162:-1.42737708114,-0.220909453312,-0.118224211409,-0.0437477523551,-0.433096675523,0.618480042786,0.0198326044765,-0.695199804259,-0.115486185608,0.0470232675682
236:-0.662037825773,0.110860206957,0.243403463071,0.195890360315,0.0999139696434,0.0955489273707,0.0394128045172,0.19387274553,-0.149636305808,-0.0219328785366
59:0.314939416127,0.249033455712,0.213459888482,0.913792668733,-0.452726203337,0.559545404059,0.531499002533,0.51930135507,0.621389328071,0.734583489965
116:0.495942019358,-0.0660614087052,-0.747670090308,-0.0776009003062,-0.0809427317331,0.826891524051,0.0722968925935,0.58653447,-0.209560559742,-0.118717354781
402:0.458250344719,-0.254720230854,-0.25055477605,0.0897490173302,0.0900635879189,0.387969201142,-0.124731675093,-0.224454272603,0.0433011617042,-0.107602112579
476:0.615606634158,-0.722682478734,1.33385871351,-0.581644795051,0.455181121983,-0.246720857972,0.510107581063,0.128016592105,-0.33054958373,0.279088936107
416:-1.37742631709,0.140329972796,0.726524095869,0.946140386926,-0.208411818129,-0.254252847906,-0.232892859231,-0.212724748204,0.180181927266,-0.0512090541824
369:0.402162688885,-0.471668363279,-0.185016994962,0.100538628897,-0.225958337119,-0.212007060145,-0.0742222123269,0.00751947160032,0.0144051344849,-0.148756652463
90:-2.0933797486,0.384047769295,-0.144585042656,-0.568017597589,0.239214814836,-0.101923268963,-0.423852124258,-0.150376635217,0.697766309868,0.35859143126
284:0.488954086197,-0.383917106984,-0.404365362334,0.148703391673,0.0114233426454,-0.214049498153,0.260754690209,0.180553503552,-0.0741382166235,-0.0763267765727
19:0.518896225444,-0.445061334273,0.511279832995,0.183209071371,-0.194653885129,-0.164079134387,-0.318192277445,-0.0765628543767,0.278853127,-0.277424418672
96:0.587334259881,0.390497432273,-0.0661739549764,-0.190788780184,0.150365628534,-0.572513254408,-0.39209824381,-0.358900979629,-0.448100558377,-0.531111411724
206:-1.40839999245,0.0301930491704,0.694720309244,0.936522851225,-0.0087515742376,-0.390542524177,-0.384063250779,-0.354112907814,0.256487422371,-0.0348352833779
435:0.755512006837,-0.707371063782,1.54130530965,-0.460782993489,0.29401157036,-0.17348275652,0.877877006014,0.199572667279,-0.419602686233,-0.0659144135651
88:-2.58275877629,0.0602921986661,-0.286364148264,-0.390995638117,0.474506532126,-0.297677895721,-0.525680277947,0.403502714245,0.0413304023862,0.211372252112
569:-2.10383259478,0.329178445931,0.175732698021,-0.243953684659,0.401384407237,-0.0662938853633,0.195774661944,0.327306552055,0.0268995299608,-0.164653077036
364:-0.865183416428,-0.0821257783509,0.144779668698,-0.271554086131,-0.589981678326,0.51694985916,0.136207965838,-0.713976917463,0.0291115014067,-0.321089446775
165:0.551243691161,-0.343893275725,0.387960861977,0.120935933802,0.0375360247968,0.133705272616,-0.331721040874,0.120212238242,0.604592262005,0.429806796523
437:0.609728361485,-0.221409887293,0.629218793729,-0.392709619007,0.333846075973,0.144489192211,0.272473910631,0.311331565274,0.180886839101,0.741921347836
123:0.531467636503,-0.433013958966,-0.455220417235,0.0181813576075,-0.176947790968,-0.275468739574,0.0124271616052,-0.0827508018328,0.330148095723,0.0367561291073
195:-2.65077880568,0.0484901291922,-0.212761763056,-0.191418562826,0.704893052172,-0.410266748218,0.0266546511684,0.771932940026,-0.113985775936,0.185126929586
131:0.476787905979,-0.0668190122987,0.328761927503,0.627297857311,0.0322910657551,-0.15502900664,-0.456876386446,-0.294293664492,0.163412514246,0.198446667953
501:0.466998867379,-0.20715812648,0.0576672110509,-0.0852490299193,0.0169383078026,-0.146015413706,-0.12869398247,-0.304398340839,-0.128241147056,0.28494487041
37:-1.74322844581,0.006898821074,-0.280815218069,-0.320625699398,0.0401720382793,-0.273173745752,0.0788405404049,0.309408427015,0.193821725383,0.141940610119
190:0.616002630483,-0.542553353526,0.74453266919,-0.184055694279,0.1471809265,-0.158688128788,0.204903656987,0.159592609231,0.053288116735,0.0296582831297
197:0.605324162448,0.937778829993,-0.00522884132541,-0.199538874565,-0.658476918671,-0.582131272089,-0.0125963252861,0.552337973458,0.257554290837,0.232352210207
347:0.574415921824,-0.343440162505,-0.0364550357214,-0.469511250804,0.444791045384,0.0136423784303,-0.288502857826,-0.275404823939,0.0583017616427,-0.169064801594
359:0.465372180736,-0.437787599697,0.0863054426787,-0.158170067141,0.224179122356,-0.157991618792,0.029046619717,0.240394262402,-0.0316219866983,0.0461020373309
173:0.462194290773,-0.776870785125,1.79257889139,-0.513709987348,0.381539643801,-0.310730539297,0.634064910258,0.160435594347,-0.0974131994752,-0.0306200170706
48:0.424535449624,-0.334862863478,0.40295769188,-0.433992579003,0.26882995776,0.529312034376,-0.875435586827,0.0560034565891,-0.400335333545,0.464903568079
42:0.447214629532,-0.428885618495,0.16216427422,-0.0438474342421,-0.000451265298074,-0.209969941205,0.128950763025,0.166517322097,0.106308573076,-0.0778492283188
504:0.209819869261,-0.18222198007,0.372425257967,1.15181889668,-0.20630691525,-0.296464670879,-0.00449886634732,-0.249055381495,0.396044413637,0.265857259668
104:0.295042696519,0.225986103821,-0.025327631934,-0.014875771366,0.191963577183,-0.111038319418,-0.572971684417,0.273773959752,-0.190690059721,-0.600284098839
430:0.303346398739,0.282576778966,-0.170614121167,-0.216989586647,0.246448231272,0.486342473602,-0.282555263371,-0.0951972337781,-0.149510454844,-0.139524942905
524:0.247653595401,-0.500046096468,0.534908779852,-0.38658709878,0.19399208874,-0.159804504931,-0.0884499840396,0.0828634634788,-0.198158934437,0.237443168846
146:-0.204136202374,0.0516855339387,-0.0349489650413,-0.124063344666,0.130848959781,0.198344039077,-0.111882131655,0.0484710864068,-0.205323468336,-0.0873356877655
550:0.0928451288383,0.835069206753,0.224312085815,1.08137357992,0.590825492056,0.638890695742,-0.677236832069,-0.714343016858,-0.809907190725,1.09273452592
267:0.422822098537,-0.307694498663,-0.0402275839625,-0.0985168881623,0.13037058277,-0.201380139861,-0.36377677533,-0.0505379961887,-0.0119008177171,0.296512937502
482:0.368587257387,-0.355773489039,-0.289985778048,0.0391503461984,0.0611138750824,-0.0838977513965,-0.245602946092,0.0294355130894,0.241538586396,-0.084814283459
396:0.298591625015,0.0802087429628,-0.190722612507,-0.588123283668,0.733830246681,0.246001439836,-0.326273506785,-0.58818246736,0.197994045227,0.270587521151
505:0.464576518381,-0.304744549818,-0.495335033146,0.218326548534,-0.268635013071,-0.322720972957,0.143509423717,-0.0746459028903,0.0786918914504,-0.0270166067085
442:0.399609463943,-0.692527472825,1.43277639418,-0.490269758144,0.332972266835,-0.236744294013,0.657508523915,0.00193277409504,-0.247029754406,0.219217173178
480:0.522686730899,-0.393014358395,-0.25171390857,-0.063743487805,-0.0511765978345,-0.190591806606,-0.15973222133,-0.0716357412992,0.141385255693,-0.134030525007
379:-1.57850424989,0.134919417914,-0.0202722570979,0.0201810196585,0.243971311743,-0.124963315566,0.0845406904803,0.0215897842102,-0.127649540996,0.0154562284871
427:0.592640349714,-0.273997335125,-0.407554880364,-0.0593164855237,-0.0395705874473,0.691385081723,-0.0898207398336,0.32336627914,-0.184475062797,0.0147854064187
248:-1.73320691769,-0.0650280197115,0.721652510496,0.187744441314,-0.0755673727563,-0.13028647424,-0.688166169977,-0.522925357078,0.898420476593,0.0759221836127
478:0.449019953003,-0.387869151847,-0.0679592721299,-0.374059542304,0.0804670492532,-0.016720450263,-0.257829190934,-0.071506514979,-0.0270965610756,0.273452655219
506:-1.93059793624,0.28433215106,-0.0361543556135,0.118570737947,0.401549799403,0.0140612309387,0.221023690241,0.115408016402,-0.0322740437429,0.0635520103193
154:0.500655644067,0.20205496966,-0.0209651038401,-0.18932093268,0.107229950647,0.325714437749,-0.0100270474794,0.224561979965,-0.0497514415623,-0.204176980155
252:0.497819610257,-0.457929447657,-0.542294132434,0.0506717019022,-0.20852067961,-0.493463390271,0.177473430368,0.152010611994,-0.186130157696,0.107011878449
67:-0.680856853056,-0.218173729062,-0.127279470937,-0.539543602532,-0.480685713487,0.379342473457,0.269962881782,-0.470034034115,0.0956357247381,0.132183215674
395:0.342927879737,-0.160517621737,0.128351221326,-0.581014964434,0.466590242329,0.130829815906,-0.388235191848,-0.378387995107,0.0856729841349,0.410350385393
373:-1.75654337139,-0.198539881193,0.130268964005,-0.140553328291,0.421424243506,0.155544906105,-0.528401416743,0.284606734722,0.0969618654265,-0.0872307041501
106:0.384164681334,0.155252401074,-0.0778609772948,0.167398055099,0.384604534337,0.0739917398392,-0.272212369767,-0.364851448516,-0.546900519357,0.386841534875
392:-1.01841299045,0.181331200312,0.0281086704947,-0.466826611672,0.0383847604538,0.111150953654,-0.0455937023899,-0.101004332332,0.136168802476,0.0863689304092
97:-1.54487775131,0.117590696947,-0.153645976228,0.0829213044753,0.221063180821,0.140356478845,0.037699641726,0.273727784038,-0.447461970806,-0.165939516524
194:0.803023181749,2.52963312309,0.295095981773,-0.604047736063,-0.305189702359,-0.537166808868,0.035277766087,-0.0826115091527,0.224413379526,0.613080214513
415:-1.00643076877,-0.0687819120736,0.146082759557,-0.0201844805236,-0.438972416693,0.201285089573,0.572065713155,-0.284973218249,-0.156799864865,-0.201253202344
460:0.798035583214,1.75839499618,0.191755561353,-0.0230813890453,-0.0163236842704,0.734499379732,0.420173266215,0.656410921004,0.295000188374,0.205020022883
77:-2.29802825521,0.146892095305,-0.0695227417252,0.176387862676,0.67097080958,0.0611846018712,0.249392248699,0.217145222722,-0.149855554139,0.252445915658
266:0.628046548007,1.75794673984,0.255524467084,0.503246053888,0.100479745856,0.0529429739698,0.600176562981,0.844917033384,0.0543448719868,0.113661030902
418:0.361284684059,-0.27987928725,-0.583959296497,0.115088315026,-0.220674810431,-0.362473997645,0.00913493145517,-0.00710262406374,-0.0304107343554,-0.39900062136
322:0.255822380937,0.421471647235,0.251239402811,1.49565180778,0.0536514915038,0.121999360509,-0.410465279386,-0.5673735343,-1.08632086513,0.527107342643
398:0.428662513247,0.307039960447,-0.316697783358,-0.15166023365,0.714074594162,0.254500538201,0.424312912305,-0.597136862588,0.0687502421195,-0.548109336586
221:0.504573777403,-0.456548568991,-0.44215771967,-0.0454620802378,0.0125503844011,-0.294567586527,-0.294559538778,-0.147466855056,0.323482255032,-0.286021917287
331:0.41202030724,-0.384374145186,-0.85053732322,0.0721324741785,-0.0425248648677,-0.15557784947,0.122402873751,-0.130217018412,0.181860171176,0.304675129182
80:0.359105010303,0.647692478145,0.196264545699,1.07217799894,0.143746111261,0.377156905598,0.153787840851,-0.551343034355,-0.94381501384,-0.10136327491
377:-1.95300656957,0.0782175146414,-0.289135894243,0.32119000025,0.0113447165573,-0.274043362716,0.392499512783,0.380205341085,-0.346016662607,0.166707450666
43:0.349714426937,-0.384720165471,-0.497614496731,-0.0965477082851,0.0310746321754,-0.172266497871,0.0336700504672,-0.0124102054406,0.262043369216,0.099930483721
412:-0.993459530861,-0.296717501304,-0.198643436907,-0.171080727769,-0.652111078631,0.529502693789,0.645305567323,-0.351492465518,0.0522727819921,0.161862930605
128:-2.28932133758,0.257555447597,-0.229079571226,0.110239565921,0.215482118039,-0.228189238651,0.166297180799,0.401109639908,-0.0512684013246,0.00867162777936
34:0.666957095591,-0.407649973294,-0.174767666162,-0.174969795648,-0.0461624211301,0.21400114711,-0.171290728084,-0.0576652055646,0.168840885537,-0.298312665793
563:0.448334764819,-0.405702687341,-0.270647188269,-0.0942349088229,-0.121044044793,-0.170018047364,-0.061401586416,-0.10741259355,0.137522454782,0.0718577898792
467:0.624490715563,-0.310314360379,-0.335094889298,0.291028420848,-0.0900238183686,0.00788611303685,0.133484839142,0.178913280715,0.330310906817,0.135789181434
557:0.41638449591,-0.30642427667,0.0684688718358,-0.274804504207,0.0201458387895,0.167079463363,-0.395015086017,-0.0668749811444,0.0867398076907,-0.150604991067
465:0.361036160839,-0.337246013442,-0.492243505044,0.350353749999,-0.125434561281,-0.540238523659,0.35648451506,0.0912611844127,-0.0369371023002,0.0176269679307
386:0.429089460266,0.0861386847055,-0.196336218127,-0.383129220202,0.725172602447,0.117129641325,-0.0760971371789,-0.892409074828,0.292727496935,0.0453940917782
558:0.474090377468,-0.345444327101,-0.122788030499,-0.00173457613695,-0.0446191017381,-0.114999658455,-0.0569104463799,0.124382588175,0.00255500323022,-0.416178688314
431:0.468154561365,0.432547004561,-0.190287798818,-0.275058488011,0.329447083321,0.703382395817,-0.242188626981,0.127590143602,-0.24528444844,-0.0721244286313
323:0.574439366836,-0.458722506012,-0.0178287803548,-0.321903556899,0.372770122083,-0.131285648957,-0.150114173205,0.309168972996,0.0269914560708,0.216389275579
169:0.658666027244,-0.471084423134,0.501667815606,-0.229552552918,0.197912687264,0.0120475746344,-0.168202743814,0.194302736783,-0.152039160299,-0.0367017877183
258:0.536658742365,0.866804717509,0.322259773516,-0.357608366886,-0.723513243447,-0.155446341997,-0.00459198198292,0.642578372236,0.130000740338,-0.007857740941
432:0.372836862459,0.0959309742687,-0.288117122853,-0.297545594655,0.398611245006,0.597747488456,-0.314266296809,-0.155465329483,-0.138744109668,-0.260975488343
36:-2.20778863376,-0.0123590694029,-0.193352448566,-0.375305117186,0.202033975259,-0.443031318559,-0.123071070738,0.534357295719,-0.115283906527,0.237444597377
105:0.322751075847,-0.0554137717665,-0.0252540453959,-0.117599712258,0.312512788868,-0.0136387210758,-0.0212203089913,-0.0821886937079,-0.225575683042,0.244656030532
264:0.678373859137,-0.425599169741,0.395501264308,0.185282921364,-0.285799858651,-0.143536881193,-0.252888041054,0.00837608699509,0.452352361756,-0.178213687858
291:-0.467731562387,-0.174654544203,0.267653789983,-0.502892884141,-0.540109258366,0.341466450316,0.180227375674,-0.310806855655,-0.149382392251,0.0238249608275
336:0.139441622826,-0.760943699915,1.73780582484,-0.625019612404,0.381294625004,-0.146166511413,0.562072845341,0.203710160309,-0.00942809445683,0.0953557545094
413:0.197678679166,-0.15223220757,-0.223171937464,-0.140519237735,0.149943896451,0.26889871896,-0.0498030718408,-0.0920735854788,-0.218465200084,-0.149285670598
439:0.386042159993,-0.171990041835,-0.0877321361354,0.238816882187,-0.0335529171159,-0.102408560391,-0.169703206491,-0.058423444422,-0.0464160589239,-0.0673435071446
98:-0.0253239314361,0.0469939098908,-0.636558885978,-0.313548512576,0.408302727108,-0.0399707529403,0.103802528331,-0.242983222136,0.181626001739,0.0619374308272
519:-0.394747718163,0.0282477331878,0.143464623424,0.28220604405,-0.163673857182,0.0544229859052,0.0255397697338,-0.126657736754,-0.208111979613,0.164927384693
189:0.339898092957,-0.318159306178,-0.573395864092,0.1603696619,0.227389045789,-0.0415799355635,0.190719717078,0.211191501519,-0.0198611965143,-0.0590026805373
188:0.792053823936,-0.72431700457,1.40705698358,-0.445561077598,0.326932544473,-0.133375360735,0.687738731186,0.208729298821,-0.391833116566,-0.00153280077209
217:0.553312970887,-0.12849746014,0.0336654345914,-0.156634689156,-0.303558852688,-0.223174148159,-0.3971973402,0.0609017487881,-0.0948803780007,-0.23606859584
517:0.523248637909,-0.418585378771,-0.460412970594,0.0558119438547,-0.240930105595,-0.380997707726,0.203165208901,0.189063138591,-0.0998862555364,-0.0756837762608
306:-1.56441131109,0.105886793996,-0.129905625064,0.0388173816405,0.00391149887478,-0.397630563255,-0.112918757123,0.326769978768,0.00355481697953,-0.103067852189
177:0.338777907315,-0.341933462069,-0.503559556903,0.063314534395,-0.219532040381,-0.0509502059547,0.23740522237,-0.164158957352,-0.0254624956728,-0.323550452278
314:-1.78057191664,-0.104889376712,-0.251639233811,-0.106261120424,0.585087464537,-0.164816557506,-0.0606709678404,0.348333325674,-0.240502151388,0.229118356381
438:0.443390502128,-0.496164136234,-0.555477235262,0.0699582594,-0.0431807330053,-0.283706262792,0.0198381412472,-0.183296376555,0.375567793132,0.213813000107
360:0.521330732859,-0.414750008771,-0.002054935816,-0.20919697876,0.117939023417,-0.102069997208,0.0019817852827,0.0689264628478,0.180490011596,0.203242171489
215:0.368749576842,-0.386536015457,-0.429969337263,0.431288718178,-0.191900220607,-0.608638570396,0.339798739366,0.173373745966,0.172637894934,0.239766806086
238:0.476087177127,-0.364029003336,-0.568879045388,0.196379274272,0.299604527426,0.0661183722087,0.19403033803,0.0302704552174,-0.372602935387,-0.246811119908
94:-1.49608680794,-0.1723092638,-0.199472314377,0.0280776218953,0.133833366207,0.0157864714698,-0.0491854572266,0.571171472481,-0.466182914649,0.216288171885
156:0.30966173706,-0.407772430453,-0.848460197351,0.232741459682,-0.184369658685,-0.510323280645,0.384499950604,0.0131132791118,0.0127526085766,0.240767159883
155:-1.21097497638,0.254469985825,0.0741988376371,-0.0904785872542,-0.726289968495,0.604645286316,0.490456937542,-0.351708218434,-0.0716457946908,0.389089837789
211:0.319647343265,-0.329298688309,-0.5180021998,0.418147483824,-0.0322856659188,-0.346521439979,0.247417227245,0.144289055538,0.164136752579,0.107158049104
308:-2.42849168209,0.208580298232,-0.200874000647,-0.119826304253,0.680503425766,-0.157724473687,-0.11490638527,0.668559582371,0.00991557029291,0.130157078102
178:0.403704001411,-0.0420749828916,-0.329870329538,0.0657875553265,-0.149748261344,0.340187903165,0.340464859954,-0.0644021803026,-0.0617029763713,-0.477038985658
458:0.298332571268,-0.0381576946579,-0.184467545496,0.395453550859,-0.0707593228172,-0.0621274691988,0.0420863610666,0.259736923314,-0.0412518124832,-0.178379309134
132:-1.25126369088,0.277914629695,-0.166813585757,-0.406566158072,-0.248982380316,0.302015847169,0.215163453849,-0.261824019537,-0.0601163555531,0.0420580505285
332:0.46220924648,-0.323426426852,-0.108405609994,-0.0450981222228,0.0443400154365,0.136084458332,-0.166393942297,-0.0435986343004,0.203638159762,0.0232014108591
161:0.569714994909,-0.312768550504,0.341209044203,0.141203349143,-0.0365636733082,0.0804105359992,-0.433148582999,-0.126301981395,0.237357523581,-0.0820992934231
553:-0.575243216697,-0.0443406652112,0.145753096644,-0.000310221300491,0.00543150743677,0.307327765877,-0.0896876845755,0.0432321082644,-0.258506374846,-0.172610576953
219:-0.862908836107,-0.0998008165931,0.311193137241,-0.429849173544,-0.722237900981,0.587749804521,0.228144494745,-0.518027097944,0.0119196079487,0.169892865989
321:0.251824164021,0.130564348117,0.612832466752,1.31224476712,-0.172209967535,-0.112763336316,-0.66366327311,-0.336193139122,-0.210088600823,-0.211514816797
356:-2.55074908397,0.0542634765977,-0.137358168099,-0.108423636689,0.419435602054,-0.269592969145,-0.268368193292,0.778745348682,-0.0518104819261,0.103737478403
556:0.44529769307,-0.292678573442,-0.0849190322794,0.123180076328,-0.0119273045735,-0.0691526131475,-0.307941538248,0.43728349046,0.00812024051777,-0.31007977262
66:0.213382947384,-0.0824431251403,-0.410255211752,-0.0137395762683,0.669823678474,0.700664564781,-0.229737687703,-0.0867704265743,0.151257932638,0.686383435386
170:0.109364222916,-0.664963128209,1.70556225445,-0.480760612683,0.271617899902,-0.0681898602567,0.640680157732,0.126480255243,-0.184197486066,0.0488482798695
531:0.418314545013,-0.398507926111,-0.0604760405365,0.152070665348,-0.0337884131534,-0.0424956404539,-0.108182514036,-0.0361191084808,-0.0461512077437,-0.158866876592
119:0.579021527395,0.278189115674,-0.375000915665,-0.297988975839,0.15678505721,0.526020663052,0.0791385764308,0.236097141102,-0.0346286205684,-0.0673904976511
425:0.245208662678,-0.391093548233,-0.500648363725,0.279548371528,-0.0997625066533,-0.369924212875,0.161329071957,0.140741465497,0.165712203244,0.0255177753763
50:0.498280354863,-0.345717502072,-0.618144793626,-0.0571114845693,0.0957005793755,-0.0681994011113,-0.264312204536,-0.0417632623249,0.206604378006,0.294836966526
108:0.558153522831,-0.343524265548,0.0855800248625,0.18920913786,-0.0292894670063,0.0272656265131,-0.237114597586,0.04507496263,0.144933285733,-0.240045988495
372:-2.13303103489,0.23363835845,0.0592667068253,-0.0138045420423,-0.188814024723,-0.210403876173,0.226140412054,-0.153013718506,0.0692005098696,-0.172937642983
92:0.584045650025,0.106518293947,0.00489218379707,-0.473878472112,0.0236067033215,0.459870356551,-0.271425256104,-0.375982680056,-0.103229736342,0.221264991884
383:-0.461563684381,-0.312454927936,-0.872239118507,0.389915478477,0.221351863338,-0.126619494532,0.637723743542,-0.177569130896,-0.268348622793,0.166646928296
222:0.544102244504,0.0590945086705,0.272061835692,0.624401653168,-0.194878945029,0.205035709727,0.228602611742,0.728833518895,0.422943427461,-0.163939824309
444:0.500432008855,-0.489185731602,0.294782864448,-0.637136731381,0.443190826847,0.0973847873345,0.0531574966857,0.157752270733,-0.171166280972,0.464795319087
538:0.276154210757,-0.352659645878,-0.227372786623,-0.29472172669,0.0446799007241,0.271567359397,-0.643278155848,-0.00211014434277,0.0373274853986,-0.203053957351
73:0.48079630786,-0.220534903105,-0.0633913110512,-0.20729747809,-0.0380505725659,0.363018278575,-0.460431352989,0.0996926846564,0.0882702187921,-0.0558806651403
56:0.550998875952,0.535557443616,0.57151989323,0.398134256194,-0.491406952811,0.588318145817,0.208673129596,0.396899562114,0.780411954634,0.0014182826788
545:0.26245192283,-0.424892963112,-0.411722062388,0.17309530598,-0.176128730759,-0.719465699019,0.167486271442,-0.0749602180108,0.135980167066,0.141769057195
65:-0.474569761913,-0.275742335187,0.515052182198,0.186790524052,-0.107455880712,-0.0953622360417,-0.14638743498,-0.349012947077,0.391197453405,-0.195947636703
411:-0.296827801724,-0.238491240805,0.0824233941664,-0.272198140707,-0.216162801384,0.448140344464,0.142002966666,-0.183692843111,0.158311920026,-0.107517186498
328:-1.49301879475,-0.147464949489,-0.0313892004985,0.180684926743,0.188209335816,-0.0154480939265,-0.246317208143,0.234564062941,-0.24828949343,0.0966231393543
23:0.779709877657,1.4942394326,0.103344570653,-1.1232386191,-0.884611949745,-0.99549944496,-0.766641103093,-0.103092347629,-0.305241288153,-0.0904700407266
187:0.382467294348,-0.867971761642,1.77082290487,-0.460194709772,0.468876690894,-0.270006404401,0.525105963302,0.0374595690899,-0.222994545451,0.200821100619
103:0.39519075971,0.541468052425,-0.0765960625197,-0.528510580804,0.340580738009,-0.108332187228,-0.500939952383,0.376344382418,-0.0667725720579,-0.14086301016
466:-0.460792349099,0.0688197635347,-0.00679926443222,0.00865991550589,0.0552920575542,0.0698704414636,0.109172371815,-0.0907329038704,-0.129329957646,-0.123286920984
246:-0.444722976501,0.16526617394,0.0363273845742,-0.273566300695,-0.214928334616,-0.0388096902787,-0.00341571816773,-0.0730799415021,0.0126873560037,-0.0550201122327
78:0.502142668111,-0.453247584635,-0.156732243322,-0.192659813929,-0.0610376327915,0.114728199475,-0.220857032171,0.130530956259,0.0993871918479,-0.13494460056
87:-0.742510324696,-0.16822525049,-0.0446272291611,-0.759033021122,-0.631150399288,0.655633480565,0.172972895298,-0.643433986246,0.0515547615816,0.136708048584
261:0.606971208207,-0.459009437638,0.584588515943,-0.0166219223741,6.88332724043e-05,-0.205624134628,-0.0572488670168,-0.061812496626,0.34874543345,-0.149771616285
296:0.499808314643,-0.379510039081,-0.466761935023,-0.178544196257,0.100285758918,-0.147930475208,-0.221312409848,0.039193666258,0.0680615313647,-0.134244977325
470:0.59751026804,-0.304662647608,-0.0978520841559,0.114916765699,-0.0516499447217,0.0618172839269,0.0342686437125,0.251734500057,0.229641895083,0.154248434306
255:-0.758860971485,-0.0747692355513,0.0840139621397,-0.252172377449,-0.858271008021,0.60814871738,0.502604127531,-0.124053487232,0.193078363945,-0.173598238222
153:0.277188527551,-0.159376155386,-0.0809481756411,-0.0601101027529,-0.101976742724,0.319522023376,-0.216463087888,0.0560915806382,0.112186926275,-0.0102314739011
49:-2.03187269187,0.0673547998014,0.713326348609,0.147410876667,-0.0972607856016,-0.140375800217,-0.685336020942,-0.60442034813,0.826256434739,-0.107725606699
118:0.445419359225,-0.164270302829,-0.124977064583,-0.204440763054,0.0922098383331,0.432296372903,-0.184402848052,0.106520052622,0.00381732353469,-0.203806529538
229:-2.07975322892,0.0109149094194,-0.151618976156,-0.116426056684,0.172455457935,-0.0785601783379,0.0692636784043,0.407711346983,-0.100058172457,0.0261638771152
245:0.0216964961661,0.0334218273422,0.206542442492,0.244732500719,-0.119478426103,-0.335545995216,0.53417876311,-0.1882053469,0.180981605669,-0.436154191358
192:0.485581569507,0.831652499327,-0.0672056252902,-0.292029595531,-0.606476120612,-0.252151502428,0.259448037263,0.556872768412,-0.00145788697417,0.777085711629
109:0.638520254959,-0.402707331266,0.020528260839,-0.0897766715036,-0.215553109753,0.332698892523,0.188653529263,-0.131931558698,-0.168838179113,-0.264334009179
518:-1.412617972,-0.0120640285342,0.648728773515,0.811875173968,-0.224394734149,-0.227377535536,-0.4411714097,-0.271683706334,0.426449313554,-0.133033551174
340:0.551632032103,2.87134693098,0.227931110599,-0.275784650194,0.196703132833,-0.0901429388981,0.830219758188,0.0407017912506,-0.122897499176,1.22910895126
475:-1.92629700048,0.0225928063878,-0.0161905838267,0.147617410469,0.316446741898,0.0063101992766,-0.0940505356675,0.391743058828,-0.0937365707241,-0.00438521163488
137:-1.95355691497,0.321829140109,-0.172551880289,0.10060587932,0.378162661992,-0.214558995734,0.0654022411186,0.613066788948,-0.0112414366248,0.0981876622445
125:-1.55802831731,-0.240202540542,-0.214918476021,-0.584435904246,-0.510917698938,0.624128832215,0.00302628634823,-0.186789157808,0.0929652698122,0.43892654579
345:-1.88811423796,-0.0184891246809,0.705032998402,0.139418824375,-0.32201324038,-0.216695091192,-0.812134971717,-0.523914642991,0.934876426449,0.261723557937
176:0.402373624931,0.0329216017852,-0.523305545092,-0.381448545142,0.540770587311,0.139005289785,0.0390017565573,-0.256339949845,-0.0266557332612,0.176357037774
552:0.260477172172,0.216443496767,0.315237220149,0.246152806799,-0.214086748144,0.365913215898,-0.788923081979,0.95983469329,-0.33421222254,-0.528025514641
26:0.816301486513,1.8366676282,-0.25808887641,-1.23822533033,0.175613120997,-1.02967696856,-0.0225282666492,-0.679789239465,0.344865047583,0.159478126272
324:0.418699010665,-0.285004985551,-0.461751167925,0.0149548522888,-0.15333941353,-0.292733866711,0.0715526523595,-0.209728528123,0.21206950311,0.0747965371946
135:0.378888356473,-0.585089526222,-0.601551054655,-0.380382905323,-0.217979671708,0.213428929322,0.211982694345,0.0613178751142,-0.0291164599108,-0.0897432756546
193:0.688971917609,1.71654938805,0.307974678916,-0.354483774206,-0.662749598797,-0.545295730489,-0.0560029177377,0.38174638183,0.405843589968,0.229771678555
167:0.144169191155,0.113219153023,0.387672284531,0.0305040020156,-0.151419177674,0.3736741003,-1.02670567867,0.853892535023,-0.275794148391,-0.494865686699
28:0.731195432214,1.28253755721,-0.227749242941,-0.997476310678,-0.584854983573,-1.24647774305,-0.559523345142,-0.113121012666,-0.529190649365,0.148166600138
279:0.528968868212,0.0298092471718,-0.201861734987,-0.04946416066,-0.224304365408,0.083973998865,-0.0898743615449,0.361484264634,-0.410963260284,-0.328269972268
387:0.507731373975,0.3183077948,-0.410278485556,-0.350373006855,0.803435934252,-0.0109583341657,-0.085708811362,-0.832984965525,0.225223446922,-0.185361316736
64:-2.0197399069,0.225121237466,-0.191465176019,0.129050173667,0.456594111688,-0.142642381987,0.11921986828,0.485084764889,-0.0532074998644,0.129721912171
39:0.488925435647,-0.3656781847,0.0379322955831,-0.215057114799,0.112299266071,0.0973500411856,-0.0924551109147,-0.0283690142463,0.0459265731617,-0.0169584778068
492:0.476167593056,-0.373980631046,-0.481095254781,-0.113846314846,0.144333219764,-0.3000580841,-0.311296029776,-0.0419081861654,0.0261587288577,0.0286490641605
210:-2.17143203311,-0.118622145463,-0.240099945953,-0.158491355991,0.289462483005,-0.249835282292,-0.15512679258,0.467404289889,-0.0808748312526,-0.080509022668
283:0.258013743878,-0.351847713695,-0.560759936448,0.222595852295,-0.062975015667,-0.355574951485,0.300676489947,0.193914532206,0.0723354265685,-0.0274933094058
485:0.339598880549,-0.439381140172,-0.689469884367,-0.146391732567,0.0998274136177,-0.299019478126,-0.339786960018,-0.134394723954,0.163385321704,0.088360007656
365:0.227287549646,0.107450247713,-0.366239079024,-0.0485768130997,-0.140201739662,0.54985862312,-0.582596072485,0.737964053876,0.255138566686,0.374996381467
315:-1.7301989251,0.00770737945018,-0.163641380518,-0.0188748300442,0.309157885717,0.113077732185,-0.248842165999,0.492141995626,-0.260389844945,-0.0792493229265
22:0.429545872465,0.552446862969,0.0786524743122,-0.269899375212,-0.324515677839,-0.351664176845,-0.448108025838,0.0321542587261,-0.149127794099,-0.0366250688601
559:0.513817289859,-0.376948284823,-0.239108210678,0.337476354318,0.0299636749055,0.028083946414,-0.0214149208993,-0.126886902961,0.392682823055,0.49054562338
330:0.409636340252,-0.147113704608,0.329462830101,0.143782485953,-0.319827859168,0.343502494165,-0.577843741503,0.513479907156,-0.100466612201,-0.546481793604
243:0.759199073027,1.47891631762,0.0416254515037,0.517617376776,0.756569481972,0.36130985951,0.664488044487,0.211067039756,0.705834303947,-0.419252091901
461:0.353572770654,-0.0918403784493,-0.11370317232,0.299330393282,-0.0668793149739,0.0334760866171,-0.0814571500472,0.404009321232,0.0434246559487,0.0272877870223
316:-1.69355206935,0.0825606637325,-0.0942632855472,0.11059789131,-0.17286150546,0.0731557521959,0.158768975869,0.0266511174013,-0.246515979554,-0.165031936901
203:0.355316575359,-0.937979947454,1.80104235686,-0.550421468699,0.397137825944,-0.228306483292,0.83782824985,0.121784456223,-0.111681595466,-0.0150314621848
497:-0.425774047949,0.158618828383,0.243809981885,0.270978580275,-0.185697435981,-0.163988260718,0.14308676637,-0.363655543217,-0.207959057116,0.151492926888
241:0.462339933633,-0.4233057649,-0.216748604231,-0.0838726176505,0.0260594343689,0.0779448315634,0.141421028913,0.0514391682098,0.137211574706,0.377942175128
242:0.393660591134,-0.335793148369,-0.269499113688,0.0339070475769,-0.0785548143251,-0.404808304915,0.0128520261321,-0.108486817837,0.113724667454,-0.0603021551884
55:0.692151050046,0.351352546223,-0.19304688369,0.0182458610611,0.311101173508,0.45241489297,0.120865392902,-0.369783060946,0.170561789264,-0.437987692416
234:0.442035119105,-0.37219431428,0.159634527985,-0.14828772364,-0.0120264520396,0.0657398578076,-0.300409910931,0.212026493914,0.220450250028,-0.10692363335
198:-0.712216923032,0.0533433123307,-0.231538589353,-0.589340115531,-0.986376786992,0.526139204919,0.191817400217,-0.639159563156,-0.422435017734,0.262455281961
423:-2.25563987515,0.327542081402,-0.295038499567,0.095685775011,0.42081811793,-0.0340660138678,0.102563083248,0.42302341573,-0.166561420358,0.0575335491732
233:0.35570450859,-0.396979492471,-0.445912732326,0.110334644258,-0.0937487176474,-0.50937650942,0.0788065878985,-0.113137917722,0.260835066354,-0.0470929940517
149:0.55303608614,-0.41540170925,-0.379275799124,-0.0252260149998,-0.097222083304,-0.152368554369,-0.227417293785,0.0303887308861,-0.0305930742028,0.242146330059
293:0.511290751678,-0.372130917452,-0.54801527629,0.133962489007,-0.0131130174367,-0.0854143323321,0.206017393866,0.0295078650583,0.252773122227,0.0327578647787
38:0.645774818798,-0.347183698871,-0.29962364996,-0.352077128807,0.256151963697,-0.109666524668,-0.30373280952,-0.511059056857,0.0354256599399,0.105235051284
414:0.519535083179,-0.496328835747,-0.0235137447492,-0.0802954397193,-0.0567036051471,-0.159368810608,-0.0855326303112,-0.0978308607415,0.0414582265729,0.186270946901
344:0.181625160037,0.148941642198,0.513455154674,0.0612765534919,-0.212965993554,0.431736473997,-1.05690629966,1.01877486403,-0.558935090239,-0.56266722074
522:0.272089458069,-0.834446915727,1.72411366186,-0.482788078834,0.411207637295,-0.171349327732,0.642224471864,0.120425065654,-0.240110821998,0.0965837921357
548:0.537180208581,-0.183577412149,0.409071626663,0.716096218069,0.0235759673627,-0.183489962413,-0.43905350662,-0.294196053678,0.269289853298,-0.0738147832648
534:0.357411223386,-0.380611389257,-0.61695438923,-0.276406648369,-0.182863248575,0.36149094504,-0.235998487788,0.0361565872223,-0.0720736497657,0.143988729212
147:-1.26215234911,0.152779874494,-0.0928281719592,-0.130026761249,-0.303574156282,-0.0537915759625,0.390361232859,-0.187304818725,-0.00353647545786,0.108153246577
469:0.820259913265,1.43386863017,0.383233304849,-0.826873256015,-1.03821168872,-0.417048733706,-0.256767700976,-0.384384547382,-0.974555708052,0.92653956877
262:-0.175457213991,-0.529682599414,0.402002051832,-0.141074656007,0.0743352698607,-0.061737564469,0.129731697039,-0.189516620543,0.298576818951,-0.0493347945598
535:0.363200422807,-0.372985824195,-0.711086242834,-0.550726079585,-0.269968286203,0.826608558186,0.0122946235318,0.109564056296,-0.31210502595,0.562842240075
129:0.182918219386,-0.200009039488,-0.390450194635,-0.860310469498,0.789296033633,0.0331954455729,-0.542594808457,-0.184894661851,-0.29730714768,-0.365281899371
232:-1.34668349491,-0.13842551578,-0.135051108378,-0.200927361533,-0.423400380578,-0.0700118369114,0.301625907957,-0.366200931634,0.032560835176,0.06497000849
551:0.297613092815,-0.433683174688,-0.249181332707,-0.105647560799,-0.123398816872,0.0674462523356,-0.0384816314777,-0.0306354011993,0.153734713009,-0.10172019857
310:0.672035801119,-0.0305112569155,0.787979360067,0.164741185023,0.0701927688216,0.00170358248052,0.0497847480881,0.46291699036,-0.30792523523,-0.104277647332
122:0.458073550597,0.0282358323871,-0.460638271432,-0.567133837767,0.723639361727,0.318205097823,-0.126038389503,-0.745472214116,0.0328659232696,-0.0830733706943
69:-1.72074651893,0.254167503338,-0.113500355335,0.115188037223,0.345875310209,-0.104432079826,-0.0190081066189,0.374055244579,-0.230246567778,0.15914866265
566:-1.00514239591,-0.242147371492,0.0236454829902,-0.45161544114,-1.04940583894,0.662383649423,0.398304305789,-0.492911396206,-0.124477978827,-0.0475683991991
481:0.419313236445,-0.384068860368,0.0672784506749,-0.0630630381266,0.0703282440836,-0.00376591014241,-0.180603737609,0.0860029517747,0.188382015614,-0.0895446874767
265:0.365037172137,-0.463909538902,0.370719848573,-0.18404587113,0.226184661794,-0.017517993752,-0.137855803495,0.0124539792692,0.193789678284,-0.0226774862911
472:0.496952142396,1.101706396,0.269496776111,-0.0996262260093,-0.0479861959749,-0.247035652274,0.317541098638,-0.231436972902,-0.302384670577,-1.04702686247
250:0.315880594885,-0.413574036686,-0.135898788694,0.146295487483,-0.138808518605,-0.444362066183,0.090531214565,0.0878526976209,-0.0670663971663,0.101542544842
271:0.588592165872,-0.363409897727,-0.064811032881,-0.364827025823,0.0887080352538,-0.0521844661495,-0.146872178756,-0.122195816951,-0.031536386517,0.521768140333
337:0.695387560005,-0.72474483991,1.62599448252,-0.470873522456,0.307523091734,-0.299671694341,0.872503673213,0.19781978704,-0.446901110156,-0.14238172377
14:-0.396411402797,-0.103283487767,-0.210325145619,-0.780694874987,-0.315148346326,0.73581378695,0.791898024725,-0.357050483568,-0.414878961854,-0.221269426961
422:0.624719681491,0.730709536127,0.221521906488,-0.212025983199,0.580408060738,-0.210667789511,0.173494350668,-0.573361452542,-0.150981483601,-0.2601161064
138:0.681453626114,1.08149097432,0.331740480564,0.73584643562,-0.722906577697,0.658582253023,0.383363926884,0.499612492366,0.796156320885,0.459276472094
567:-0.0996011424822,-0.307445251727,-0.43674355826,0.141512579494,-0.249226007415,-0.335768969621,0.457546089412,-0.15865300867,-0.0734470588808,0.0568878990817
247:-1.49197262822,0.0418167713126,0.0372018648261,-0.0968670501186,-0.525090309874,-0.176325081105,0.579117092299,-0.150705263691,0.00670446923397,0.0225371565792
441:0.20139283482,-0.611062042382,0.601785080303,-0.314980720809,0.221885357133,-0.0346292423282,-0.0858280283196,0.140056934308,-0.0634108090021,0.0788531351718
256:0.171224017629,0.248603023879,0.170134171495,0.0591984108191,0.00755543164156,-0.112987686207,-0.521492713726,0.351496882388,-0.579923097404,-0.635024182718
368:0.451191309752,-0.332394071149,-0.439552991152,-0.169636189534,0.0698724209336,0.0486701623848,-0.307939494218,0.134826814877,0.0119670614392,-0.101493920752
183:0.536452939076,2.13521102487,-0.155179523172,-0.370749402862,1.0202458275,-0.120537619429,0.77059877717,-0.825087289617,0.916843570085,-0.10993915161
220:0.559672940428,-0.474518254342,0.00883365705678,-0.306998708728,0.00209287814929,0.102718543412,-0.167479751112,-0.108301869438,0.252132942386,-0.208338326644
297:0.278319956899,0.034427076616,0.452706434651,0.433207163087,-0.297583555576,0.0820018750761,-0.112036345318,0.364952857187,0.363134773697,-0.475253610016
53:0.357399145332,-0.306511426244,-0.0393682138299,0.0914507217491,-0.185804959749,-0.0149261686153,-0.481647200429,0.158180930557,-0.174413705924,-0.0572823737381
537:-2.42789905038,0.186979117519,-0.268422262579,-0.0128615467658,0.751660085569,-0.334348102016,-0.210362277199,0.332806570783,-0.153963199764,-0.0733653810621
385:0.429183016777,-0.283836371254,-0.364608723273,0.00775883240833,0.00133594138895,-0.00639295018445,-0.139849583859,-0.0209691562693,0.358223489611,0.101458176052
166:0.56398546065,-0.326572984191,0.407277652036,0.27548045857,-0.101638194447,-0.113203707652,-0.314077829246,0.0219509651993,0.330359833419,-0.0898598069363
254:0.247654583852,-0.418319771417,-0.74346409378,0.356920740157,-0.2173141111,-0.596495968855,0.370060299702,0.118981186252,-0.131663628102,-0.0759743888653
420:0.455327113369,0.607553250238,-0.210346799868,0.380078511806,0.910917554406,0.125436816259,0.0501114489052,-0.571534811861,-0.0134890271229,0.404306907674
536:0.292700857002,-0.382165907072,-0.569409957369,-0.436478300327,-0.130694800814,0.410986435558,-0.308175002631,0.0586672305943,0.0563697655996,0.16631469092
126:-0.733861636664,-0.144892589362,-0.194267747648,-0.579599193455,-1.0491642208,0.537203040851,0.500175474137,-0.665509840431,0.0687720038113,0.00639627618273
273:0.232403617022,-0.466613897824,-0.599676150469,0.15149548874,-0.306784684935,-0.258641530426,0.200240458929,0.170109958803,-0.132171496723,-0.0560226871262
307:-2.27609921838,0.281566881552,-0.101731122862,-0.0996998372191,0.316184813221,-0.180446654661,0.263288751713,0.379384248311,-0.0526053368246,-0.124579495292
367:-1.74170032476,0.402083840853,-0.225997654886,-0.00336571970559,0.0929479624578,0.0109352765232,0.116422015826,0.238295027095,0.154035107317,-0.112229719564
429:0.51228120288,-0.248014759197,-0.381721720706,-0.270451804618,-0.0950481814737,1.16889735443,0.0127843425081,0.543870845628,-0.592016491867,0.455253182281
172:0.257787562923,-0.302083322253,-0.35247367092,-0.0221466460491,0.016586236517,-0.078449314555,-0.0208175076426,0.0792704156133,0.167763458042,0.017928989828
335:0.41621454607,0.105801819987,0.466386325697,1.0472195033,-0.0745379317007,-0.204879232332,-0.284494033177,-0.28870318726,-0.180694795609,-0.214351213777
428:0.561427801495,-0.127205783318,-0.190674733951,0.0994996869645,-0.111977191754,0.912753012345,-0.0752429191068,0.286133454692,-0.256139375751,0.213752608866
508:0.49509558706,0.263851608319,0.0527641742579,-0.28173119917,-0.44990461235,-0.0447798607469,-0.758983557769,0.16783847977,-0.664026365395,-0.185137868494
274:0.151796278923,0.956340934639,-0.0390597683162,0.287709238317,0.185971569603,-0.484435013245,0.671608274827,-0.03714070482,-0.486623964562,-1.05484765729
421:0.615387898562,0.940154072173,-0.227513895624,0.103899896456,0.71874817458,0.410968441112,0.260789910101,-0.660756555781,-0.376221166974,-0.129204185318
409:0.343600961239,-0.478171853025,-0.254302488705,0.0331705922298,-0.124241926805,-0.321888342433,0.193830379704,0.204773801259,-0.0051323980818,0.0124381658869
417:-0.671894573356,0.0786900742009,0.215502391861,0.581949191648,0.0104400705941,-0.131852925484,0.149329131415,-0.40227183247,-0.156651946644,0.156305883297
374:0.370013162701,-0.100757319172,-0.369168812521,0.0375712454679,-0.125785207318,-0.390957390049,-0.325756650959,-0.145824324532,-0.302038553577,-0.183563644892
447:0.414636274655,-0.36388219491,-0.446843031698,0.00811399773978,0.00213359199647,-0.223201098113,-0.22776465889,0.0271013629691,0.121094051916,-0.141305190977
68:0.442496222841,-0.31874155516,0.0615777701982,0.222183093046,-0.166572555527,-0.301252928777,0.106955667168,0.21438067604,0.237771548031,-0.138264229123
205:-0.392756687699,-0.0337343000703,0.146977571075,-0.129350067625,-0.133800559491,0.294037835206,-0.00976062410386,-0.131142593969,-0.029121412499,0.00889186925086
57:0.573894878229,1.04546183307,0.385654067964,0.00659242642091,-0.133830904804,0.379331031095,0.258068922754,0.0197657947899,0.489649262194,0.032460284155
107:-1.92352558601,0.195574165656,-0.0744108964807,0.0728239265665,0.217739087484,-0.319096811121,0.096412625553,0.221676258884,-0.194780246661,-0.0629681300912
511:0.38929176848,0.774927564584,-0.205573367668,-0.365513455089,-0.0534501967613,0.479748867736,-0.25024216301,-0.0152135821312,0.119623023644,-0.604904546042
389:0.594053830779,-0.257013938692,-0.475046430737,-0.119395735968,0.17589858126,0.739308409584,-0.156231939289,-0.0358913148744,-0.0206363504816,0.0476259444342
351:-1.59664783791,-0.00382483063033,-0.172271153452,0.187715558977,0.089848302554,-0.0116609221556,0.0318748271109,0.168834716621,-0.209133269263,0.110193613743
317:-1.32024072146,0.0764810531288,0.698276162414,0.941379270596,-0.0159109324678,-0.390067564237,-0.41472024622,-0.327877871793,0.278610260577,-0.0899008942303
200:0.439994954967,-0.397423411256,-0.185395837365,-0.0956476357125,0.124990276509,0.163369601814,-0.121048584072,-0.0513239547688,0.129220622442,-0.053395945948
341:0.143643819911,0.221494615609,0.65121879603,1.4818803272,0.0957367655674,0.330559159797,-0.783443159757,-0.464690556018,-0.542183033016,0.561506678891
462:0.394283751214,0.36005199881,-0.0145244561846,0.346503448031,0.101559723904,0.241920426549,0.282797798042,0.532077989296,0.0503069777957,0.309866645631
333:-0.924122792033,0.255177534002,-0.00507536891552,-0.226004223004,-0.104587406707,0.0807475565945,0.0044366901299,-0.155252600039,-0.119272910634,-0.0926378907205
157:0.399402670809,-0.46277291557,-0.684722688309,0.087282377672,-0.206241921946,-0.201436567375,0.497153726854,0.023154145541,0.0846658630655,0.549978157814
117:0.562516107504,0.25073516015,-0.325187874022,-0.211968941317,-0.0598108598363,0.771464360112,-0.0954759487699,0.758313894084,-0.0665202894641,0.066423169761
76:0.340465875827,0.877007313197,-0.00256719661292,-0.0366074217892,0.802052449899,0.19814937775,0.527293968106,-0.353499993224,0.844415645659,-0.480022602041
70:0.470268678599,-0.357706827672,-0.323780100953,0.133255295336,0.0262697628556,-0.123200314746,-0.239303745439,-0.164464078197,0.459753657536,-0.0108579421624
114:-1.38632095145,-0.0641060256249,0.088675552744,0.219526516783,0.269403549151,-0.0371305394866,0.00700866300386,0.383532138831,-0.0973129986568,-0.0302944071962
82:0.463990036008,-0.0435284482261,-0.28290207569,-0.216142830998,0.16336945762,0.112593910974,-0.154733759007,-0.139777580124,-0.265176446492,-0.348652632351
397:0.569948340343,-0.257576351338,0.041597843341,-0.116846760467,-0.212746509868,0.329929466014,-0.165323503155,0.273944641238,0.360227962698,0.0623660959807
443:0.762563444806,-0.695948593386,1.47090217024,-0.432087406925,0.308411384248,-0.148134997378,0.796921205721,0.203283535336,-0.367099891852,-0.049897509018
142:0.534794265381,1.3197670377,0.344392231323,-0.15273646313,-0.201443639706,0.495476641976,0.398683141675,0.128356846928,0.68244726298,0.739201395251
86:0.370396727148,-0.330713582535,0.0957522857454,-0.259410948009,0.0022843013863,0.164966770377,-0.334204352227,-0.118943892599,0.198162747783,-0.336486202209
358:0.377358284598,-0.307282435115,0.0359413006014,0.129597380152,-0.0148994040378,-0.0209434161744,-0.366614122332,0.0145434667665,0.152456265368,0.0120535446987
16:0.416287391316,-0.394365610864,-0.286835813148,0.0329050721944,-0.10921843934,-0.153797755396,-0.226484813192,-0.0415859206138,-0.119298707657,0.0170610046771
342:0.347583730686,0.290012176836,0.581945824197,1.06481786996,0.0189169480506,0.112554893263,-0.474300685131,-0.302244236304,-0.976626215104,0.187889536897
158:0.365756045847,-0.0614831980468,-0.131444294539,-0.25969159714,0.319750578867,-0.0971475659925,-0.167328469323,-0.316001531968,-0.0999760263536,-0.193465553529
41:-0.623563010035,-0.133979077869,0.0275310603874,-0.18780097999,-0.324839711528,0.322211149963,0.0954877346673,-0.0772237961851,-0.0806099472952,-0.0551203289037
150:0.40495988105,0.531137021068,0.166674741942,1.10212412203,0.143846381215,0.211009046153,0.441432648807,-0.482229854556,-0.750536461723,-0.349059681994
20:0.418158492266,0.0465580140805,0.695944102826,1.25424511268,-0.0857458428465,-0.0333617360657,-0.61902713916,-0.212084478851,-0.209343113548,-0.267532821053
363:0.0226432778392,-0.287313798916,-0.472021066985,-0.132131674012,0.117010205786,0.0151327563036,-0.157934313906,-0.0718960240353,0.0294655637933,0.215528909098
380:0.560914477407,-0.104950925151,-0.278611644578,0.0304600417552,0.271183404938,0.0282547849387,-0.165112293017,-0.177834736326,0.178455113357,-0.322722548022
113:-2.08792467162,-0.105497036492,-0.16385325136,-0.186404907336,0.2198884924,0.0249074351589,-0.138047339305,0.468276176494,-0.0996385340277,0.205704210465
240:0.469426522749,-0.507426300034,-0.119032146264,-0.16784897306,-0.159303805482,0.0143084151044,-0.199725166242,0.193003439319,0.104528054797,-0.383141768109
562:0.568885495168,-0.537441604767,0.0568031323815,-0.362953706746,0.0573102510561,0.188589563737,-0.474519643047,0.197031671728,0.218515138476,0.0879404670343
543:-2.25526121218,0.330460437083,-0.0747277690583,0.0596003416288,0.168362166185,-0.398018151095,-0.282187195369,0.285212929197,0.126280155772,-0.165598394117
79:0.498780662964,0.241559452546,-0.143556838838,0.0146536767632,-0.334440024125,0.0224862051483,-0.0173154167764,0.379598451078,0.545638114236,0.0931067790272
493:0.638441982208,-0.486791148884,0.368148693222,-0.219731309661,0.176245877093,-0.0244624706517,-0.207146731681,0.142212718909,-0.0858629193859,-0.0913621505548
571:-0.209875205424,-0.331592399155,-0.786388458092,0.261919793819,0.243795096862,-0.494154906392,0.305257887275,0.012392387307,-0.155813850385,0.593982146535
218:-0.118666640185,0.065928070758,0.073052880563,-0.137754914166,-0.332912724852,0.118019578254,-0.108064480801,-0.0249964659734,-0.168905021201,-0.198706595043
361:-1.54249354583,0.0685868976348,-0.310920548651,-0.120435363271,0.575193281278,0.356362910343,-0.0764447090624,0.317904021641,-0.100567541527,0.00691960840203
51:0.325903122253,0.0356132642014,-0.013263284119,0.0626042218583,0.0280160406674,0.2146358154,-0.697481152596,0.399384615706,-0.343834916977,-0.489499439051
484:0.402752951722,-0.325000177492,-0.381224113983,0.137140145637,-0.105602377098,-0.322773914367,0.0188311507823,0.00472629077645,0.0331848790006,0.0509243917357
376:-1.81486517706,0.0172730550916,-0.155618661645,-0.0388303180783,0.418730909387,0.160605430516,-0.174114580522,0.229755107989,-0.171168078519,0.175863311734
282:0.49913478361,-0.335660756343,-0.128861286082,-0.106585593672,-0.0914406206153,-0.114381752847,0.0327538158824,0.0991952365585,0.076053725789,-0.0506395612676
120:0.137190785196,0.23351576439,0.137029966097,-0.363093630539,0.063693933546,0.338807116718,-0.256915224826,0.307024754119,0.268268535804,0.0838859176597
285:-1.39242148535,-0.0780895425697,0.226174390803,-0.46793914274,-0.699714312689,0.771796674845,0.401549226934,-0.281204797617,0.246285669263,-0.138645771407
544:0.500826814965,-0.22673627654,-0.25568984517,0.0981667515134,-0.00879260968476,-0.330964734105,0.0897346781964,0.163840016897,0.0762220596122,-0.144885711197
288:0.511840633392,-0.405867670919,0.843679792562,-0.836342487854,0.677120269851,-0.0525863544942,-0.0382367742714,0.0910189955595,-0.177302204824,0.591846031988
84:0.202254812302,-0.109610947369,-0.642731262291,-0.0298117889246,0.274468036841,0.186695935709,0.062495956775,-0.251371457648,0.020074942054,-0.13383836289
343:0.262198724295,0.214148768456,0.271327915641,0.223546687661,-0.223697188785,0.418128965668,-0.770870825594,0.943757564305,-0.285019720475,-0.56411860281
354:0.558601182366,-0.114724453428,-0.520810838941,0.0534639628063,0.279559677085,0.5714735926,0.028176056104,-0.258827927041,0.118462152994,-0.0270598533714
231:-0.313931908926,0.208289806614,0.219022718998,-0.668861728358,-0.135219348414,0.141179539329,-0.0123944401694,-0.428349591486,-0.783244714971,0.404550790864
406:0.543339616032,0.163765088747,-0.366476082884,-0.20951578406,0.473009581926,0.1934229881,-0.447550834048,-0.258786872281,0.18988549477,0.0837627553918
83:0.410784172177,-0.352879252646,-0.275202211276,0.0105745850791,-0.163376893079,-0.223679533759,-0.0497419689801,-0.0131812476638,0.196750135929,-0.135092050083
226:-0.850432732238,0.054480825042,-0.194283824416,0.222087412992,-0.66332729784,-0.0490082977693,0.804419608439,-0.226368383446,-0.284517145201,-0.3796729514
136:-0.00995443403825,0.028059784162,0.00303101045526,-0.59012350091,-0.161134604138,0.0236003800791,-0.613883345772,0.317553754583,-0.353462303559,0.156816861845
227:0.519189450535,-0.565328115017,0.769777396469,-0.690796812019,0.406111681258,-0.00908361028267,-0.123159990539,0.217391348274,-0.0708072720023,0.507264010773
561:0.477668230453,-0.4573764059,-0.105269846598,-0.117734084297,-0.0661723684831,0.103236825395,-0.168558832732,0.0102039774835,0.0231477524104,-0.108422240631
201:-0.00913140711223,-0.0602565932441,0.280666060227,0.0615939316534,-0.272004914975,-0.00717368717908,-0.262938127866,0.415750391419,-0.0268640224609,-0.557430594106
352:-1.50242532572,0.167621260859,0.693397996974,-0.0374205785339,-0.222110470123,-0.2007361471,-0.700084523067,-0.680675074466,0.874063442032,-0.120141654546
560:0.178237715373,-0.33388613676,-0.492854361478,0.276611588167,-0.104957045781,-0.357223036378,0.497908357253,-0.0881598040826,0.132565141218,-0.339272207322
298:0.572843712567,-0.359240011024,0.130404481714,-0.578674059029,-0.00785892167339,0.246865175958,-0.208858869604,-0.45163453131,-0.0266938539269,0.444223246662
532:0.292732474161,-0.361952671176,-0.504107141413,0.166699560254,-0.163210644533,-0.531168201257,0.364417323768,0.0609011677758,-0.0794233895853,-0.120002766046
3:0.304281541275,-0.448844069058,-0.768688671443,0.275326126069,-0.0800311850551,-0.723872325068,0.350750689999,0.12318663538,-0.150191319446,0.56192762807
382:0.836380434693,1.65888711912,-0.108522901183,-0.981237961458,-0.749730940385,-1.19947105334,-0.593937374753,-0.12991250683,-0.345795539929,0.102994081085
384:0.135415562594,0.238554803662,0.575471143636,1.33374809001,0.0544033917733,0.421039551605,-0.625206539269,-0.511258225421,-0.584501886053,0.625365105322
528:-1.29368363004,-0.0970763496516,-0.105440259647,0.115948464794,-0.569569557075,0.135476570906,0.796625989996,-0.462834954657,-0.146468839868,-0.367524160108
516:0.787518649742,1.11003803334,-0.12049687829,0.378443354904,0.459216058244,0.527964405517,0.534327676276,0.501397019541,0.209744410413,0.0496015047028
366:0.294243579758,0.312070898483,0.0267055017729,-0.368210967476,-0.0309696313824,0.591959037068,-0.520190527766,0.678439587491,0.30816819333,0.273879990093
17:-1.00497154689,-0.0977494916709,-0.0477444966459,-0.643608296563,-0.691570172779,0.728321171128,-0.00777402594996,-0.717699233753,-0.212986401258,-0.0702967162448
404:0.428487661519,0.864003881813,-0.223950672218,0.180827737671,1.07165419895,0.417657060769,0.409007607539,-0.452510076311,0.197737457726,-0.444273722319
143:0.347604222894,-0.484420822246,-0.561954668358,-0.260755312206,-0.340048932971,0.157946033487,0.297369250124,0.0177790091895,-0.0863988357603,-0.452919346568
35:0.05102641085,-0.065173030989,0.0448745151012,1.00394014809,-0.207820085836,-0.132370443576,-0.266359408125,-0.460686337055,-0.341930003391,0.55682858356
313:-1.3101657132,0.273883507872,-0.064535664225,0.0692944358697,0.290038401976,0.0290449700964,0.0444847651006,0.211682628933,-0.0984526251806,0.0207934329157
209:0.294823469008,-0.252084420964,-0.122031729268,-0.0279511234269,0.0367182356864,0.250833456764,-0.259715696415,-0.105536295777,0.0555146925472,-0.156721960495
45:-1.36835148132,0.068779646602,0.0175836503421,-0.549946160062,-0.658965249071,0.631227566164,0.0842212151944,-0.734701553874,0.20774546453,-0.384564111417
61:0.382514902469,-0.353287378448,-0.142471771299,-0.111562320195,-0.117520022662,0.156734811998,-0.144703041915,0.0474984378982,0.239803691569,-0.130587934377
448:0.28332081783,-0.227984195378,0.395476941413,0.690956631809,-0.28014479118,-0.206631479755,-0.330046089621,-0.0534720694725,0.556585670034,0.182309152464
62:0.337903857773,-0.3142619824,0.204411782276,0.325020813848,0.0327726299748,0.241720596711,-0.33694497383,-0.0871279032024,-0.0196234953341,-0.0579659754167
515:0.705354163614,0.996687153518,0.313882798978,0.791611792965,0.123202009277,0.298456963118,0.633883951747,0.798012917696,0.556761245959,-0.228007503479
21:0.395510261852,-0.398748067584,0.117003959702,0.369365109651,-0.252895659966,-0.482655216993,0.0151623243157,-0.0625355208416,0.296508646197,-0.0702976179437
112:0.0463630115084,-0.0380034252156,-0.580179156542,-0.569531449651,0.234062163403,0.208675653782,-0.286550673773,-0.468319633253,-0.211352384352,-0.0282678187214
1:0.130066585607,-0.37916408077,-0.592616313301,0.674137341791,-0.119437527164,-0.652043088035,0.488785843954,0.0366629132759,0.090908465513,0.73778490527
338:0.407839424686,-0.297833451341,-0.355035890922,-0.00319262433211,-0.0211698936793,-0.192044145234,0.0627333231996,-0.0240540765559,0.186046693682,0.12214636293
555:0.488707603306,-0.345069537615,0.127154557666,0.151589684425,-0.205540149902,-0.347528174079,-0.173060252979,-0.069115964808,0.19997180288,-0.220715667714
186:0.489965743832,-0.327734889643,0.0903870063118,-0.101761287512,-0.128252072729,-0.0790166969394,-0.291348180205,0.280942950407,-0.252842735403,-0.144018650928
75:0.451292010273,0.0321292612032,0.0380586859479,-0.0139658339374,0.219979790789,-0.00182954838949,0.261963913386,-0.318540540955,0.00322889753741,-0.301505939972
570:-0.111769967799,-0.316428735513,-0.727855780953,0.282812825039,-0.00416602615597,-0.747725943726,0.484100645188,-0.0455733082372,-0.0919459462792,0.494529672312
349:-1.57195902089,0.00613659514423,0.0435053556683,-0.12801197342,-0.417180094523,0.303376666876,0.330620430325,-0.00307226955921,0.0386722253365,-0.0254836855268
401:0.675643678056,-0.34761865468,0.00621710320202,0.107968213223,-0.311305791423,-0.261424542665,0.0587147177833,-0.177705591887,0.198662840838,0.0658984795025
253:0.452094123363,-0.304739790896,-0.993681808277,-0.0215351137135,-0.0242732626634,-0.346208835167,-0.369730804217,-0.0740808998596,-0.251228279845,0.306487307078
378:-0.391851076433,-0.0432973828573,0.181427958468,-0.273278029274,-0.546298344575,-0.360370233604,0.0845209705148,0.0316150031773,0.382798959027,-0.60278088651
350:0.0210723478307,0.257651525943,0.59018787096,1.68248364529,-0.346755756254,-0.360330408324,-0.499706949791,-0.563525476034,-0.737466987808,0.595002589393
251:-2.07992169299,-0.0370143814011,-0.255253510804,-0.0235165446274,0.446438620529,-0.194044899268,0.0968445981562,0.602631660827,-0.213101148282,0.087617489522
249:-1.71223237621,-0.0639348825459,0.773834709469,0.199732052092,-0.214064180355,0.0323120130424,-0.416257760496,-0.514356885599,1.06261277197,-0.123719014114
305:0.21457708764,-0.377769154782,-0.105170977734,-0.31889357719,-0.119202254797,0.108135724287,-0.0103608336878,-0.165358209958,0.143999672957,0.194956427536
0:0.142796989994,-0.433837223398,-0.444637278609,0.381892326167,-0.235109753758,-0.725718177912,0.416348924145,-0.0555519463752,-0.104142907059,0.12228649511
403:0.0988355477503,0.795461879453,0.00082398989373,-0.127655681972,0.9408312429,0.116559855737,-0.0293783795048,-0.0550919084695,0.11701519841,-0.621988170503
2:0.0530749249828,-0.483262281318,-0.582775680872,0.52710812205,-0.435173602392,-0.831018290999,0.678629485203,-0.0168950513097,-0.29263203538,0.564972058542
207:0.407122471571,0.0497761761891,-0.239821462528,0.579561168227,-0.0641194566017,-0.0560456504321,0.322001197016,0.0769933738731,-0.396343590774,-0.450331415425
303:0.722117447521,0.943639101647,-0.24084125817,0.507382861858,0.596183849542,0.527889095285,0.19568171148,-0.571084592522,-0.804585088703,0.0255834932219
257:0.371032500363,0.18524734719,0.0149814895772,-0.294736105271,-0.0424193002178,-0.132421558482,-0.293484749984,0.238564774294,-0.099659638604,-0.691380168267
127:0.340323247838,0.217680333168,0.017297696046,0.254819231268,0.187891632812,0.201823071073,-0.621801584241,-0.42188050205,-0.341822170204,0.54181807138
140:0.542057207874,0.927206605473,0.436668650478,0.793241724769,-0.613633750761,0.859508900618,0.679300081168,0.607178477657,0.706539829807,1.01578664885
500:0.539200307811,-0.263507317076,0.118791636382,0.252808169255,0.0805058092247,-0.274627027973,-0.0531919397549,-0.140266785109,0.0498662429884,0.147949132713
181:0.443188592042,-0.335462278506,-0.119483458545,-0.0876081722867,0.00692018014772,-0.235102027498,-0.0618842658096,0.0833957943523,0.37786733695,-0.101885867496
456:0.440573123059,-0.253539265316,0.122071926831,0.274995545917,0.0507994161126,0.0395926507699,0.0603655930274,0.0733202529135,0.289031485001,0.413113364918
223:-0.129851665614,0.10641014679,-0.258881802272,0.774378766312,-0.600246817581,0.0605776839217,1.26440904415,0.0120500882676,-0.478175737685,-0.482415126158
